{"file_hashes":[{"block_hashes":["dnQATx1TO9TknCy1SS+NwFgr3Iz0KpP4XKzlSufd1bY=","7HGcWvQFVdg1wMrnte5ahr6Jz+UbiT3pAFM/Mszjjq8=","5yG4nDtJEo3JitaNJxNW/LnQZEThm9SWaaxukNzWGfM=","wLDt51OA9n1unL8qoz974aeOZstYTQ4qQCAOMySX8Ro=","S0nytH0gYSiSsfRqU2+Thj+tPNxSc/ZA/V6AsakLySA=","ZoegDPy+xUVHmbq82roz+wguh5fH2oXwmxwOScSsH7Q=","fjq3TmiKtgC51QxebmhdsESxlF++o816Xp/JZ5/4DKg=","bFKXNy3b6iZSurXQIy7+oaI4C2FUTIB3k3Nh719jROw=","l5CWo0IObALSM4TWBVasVG1op4kUASuRI048M0Bj9rQ=","gO8GTwPPx/xiIpI8ExFjCrRRBFAYBLBglMV/xxdIQbI=","xbj1SHna5ke2EoWQiO+j4c63Z+rGCxhggETjyS50VU0=","4p3Dunni8oYH9sFWSFTXsDZmnGBOEwYBAjirKWJh7zk=","CC1HEYPI3H6R6uejdoExbrc9jrTwcoUPkIn2aAbNKDk=","qpHk1ME80kA56/dXp4CorjakuTx+6v789qQOInZubTU=","VGeegoBx8qtKtGgpWY5CJ5MdU9/Clv9/8JtQFpxfb6E=","amZPi+nSL/8cxkrxYay/2IzDlW2Wh1dzFx/axKA9/Ak=","oTxxf/yQtLf2Z/XnWEoVNbmX6lsYf0xSvqKUqNEnJAc=","QkOMBlfJI8noiAMdpDh5VZ4gWQPc6TjTvzCK4J/8zbY=","NWtBMZ+ifpaubDINLIRlM6jisP7QVdg2m+5hQHjKMGM=","BXfOnyEfSlI04CQdH6iYkytk7kmDTTVCh8X0UbMP6hk=","ZRxaQLF0rejIQEwcfjl99BRe72jjlNh3o1m/XZX8Rk0=","kDwqMn8yts9NXH99CpTRGEEcYCupu/TWhMV4s6LISJI=","WsImds8s3EWlMjMYtptkVwL+5M/G2YePB9ZmJeZQivw=","oAronRgP0WT35tZaPq6VCIE2K+QpyBfUMuhBfzIa4PQ=","7xprOVA0AKXrqZ6HoLsn4rJ3nUM4MpuLALiWXGcS77w=","Lv8E8EWGom3IkK/+uavIgqjKzsOt/MCbYHWEinaFxGw=","cX1kBR0z3D/6ClcboYE9awO5RVNYboReCTL2+A/wFk8=","HXPGwtYm5L2qoHm+bJ1xFNnV4O/CuSIwE6faDzQBMqI=","fwbdHxS6eWngqfppmCZ6rE0dGzJRezUtUB53s0NNTwk=","HEOd/8KU/R5yUNS74JVo1TiXJLYC6V0iCTmt7Kw8jOI=","fhMC93dtJV/HiU2VFSpgl7FS3RO84bZbh5KoEgZARrA=","+LNZKcd3AOAYkaXe5q4X2QOawre319VUv0RU26xQUTw="],"block_size":4096,"path":"build/backend.js"},{"block_hashes":["RD2PnfLmhf5YcEo5GSbmG9HENRZV4Dp3dpjD170w5GY=","o/DVR1giSPrPBQsg6B0s1ubOOfiwwStIdwOPe3GMcw8=","uHctyaipNRe6BUMYyrRbVU2b1Aw6E++A7pZPo5GZuU0=","iTd2M5d0e0qzWv8EjVzN2eH4dFcI9+TcvrqofV7xfKQ=","mpcMpa5Fd4tkaEllK8PpHuAPgQa0HEhcsfvzaS6shCg=","1r6D/qQKNvZ5RPuVjlwG4ohWoj2eaF05NcA6xZyr8cg=","eYtg+Vz8o8DjS1NQOf8JpQiT22mWO0DVJPgv45ErIh0=","uyxWrF1ZDvMB8hENqneXgPPa0n8UXUYYtezhtCZ9DBM=","IdHFFf9LHdgD6kDa5Bmet4VhBxJDDxSqJiFr3wjEnBs=","WzBgHCtRWGEGO5k27nA9vWQ8UbeKwBT9OXL9Jgkhfu0=","FwdPVwrl/5RwRd70lmMsJhDDp80UCX1HAPjiwDrQdAQ=","LctHBek07PbBpiVavuY3TiP9Ud9JNw/dZuep8KnAj+U=","8zfcWuEcmMQQYAAPEGnt/4E0bQzt3DOQsPjOAOn7890=","v9Oa1nCF/QWO1xYU+N08bTJO9zKLod+PMk24yiMIsks=","C5FxLyUMOnxOIUBut/JHKOY66occbXqldyfHtXIE/nM=","maTQDm4EhlaFD1a9m9EA3pHO0ICtMQ5Xx0i7QnERiCQ=","EKa+uKS2lMyVbj1XZtFsT2RJFJPSUisBnPl5yE6Z8PQ=","892r5LOf//EfJL8XRdCFKc21TAGGdc2NPWqyTu81Yz0=","kOYDwb8pN74vqSTiiC8bCuqdb+96l0mFTzzHrjOWLsQ=","m7SHDiAK2k8TnbbJrx6g6qMNf3dHVyr0aGNFjWs3jqM=","UtxpD6+D6/SPVEQ88k1Aa6rLYtD+syit48GJh/owUyA=","gmFmPqdY8Hq3X2TmN+wKnAPeqzARQ6fz4LsvWQ92nSU="],"block_size":4096,"path":"build/background.js"},{"block_hashes":["BCD4CNY0GF9lINwbbEMMVtOiAvxUe6wNmxA+MVUL8YU=","s4yLUFzMUaJDb7zROWrroI/DS39ftLZQf1tpPi5KKyA=","OL0HQJ/oE3BNSE2L8SVnMQmXm0exQdpBi8+iQinnizc=","uoMIg7/iiXhO+D8brCEd79a/0nbkE9gUhTZwnH3kwI8=","Ev9r95tMymaxmcuPIO58oQbSR0Hp7qahk3OIjEPWdN0=","YgoKoD7IojxrvQw1ZI8WRfU0h3GlV4IYrLO3UVDLw8Y=","jrWWAbvA38udrHDUOeyZiT8XaQiyzMUc2Lvec5z5G7c=","h3e6YPPP8KBlOZiE6IkXUJsA2F39alYQRFZxhYy+Mzw=","RwA+9lxcaRjwIVvBTuiTlORKXMt/uROen2EIqrV9fVQ=","EmgC9brkYBro6qkP5YGikTqsB6VQcBVgbtQ4uzBYLRo=","qxUGtofJfV7CHgzMM8iAhQOU6nxmQxfKNOuWlXz7/8M=","6Itt/+wJmM+WOn2U3MkZC7Q8GahFaig/5Zdf9rD1UKw=","dFIfsGdXEYoir2PwX9ZetaYaDb5H6So8DrwoeJQzujk=","CKKeyTX/ojs0bNh/tcc0wohK2IWF1dGBROpYUCIJj2E=","OYlF2uE6Y1VbOgMgDYTMyi/3OQjhdnF7sOVXK7hRZaw=","WfyWDK+YMi3DJAw+wT+ziGb8wpzC0VJ0I/mDrUvd+oc="],"block_size":4096,"path":"build/content-script.js"},{"block_hashes":["+gIFdTk9GmBYANxQXwjoNZs54PNqMc/iMeQfpflEPlQ="],"block_size":4096,"path":"build/devtools.js"},{"block_hashes":["WyPp/6H9deXZuVdxi2/FOBR1Tl+4mQnSEFpvhFfWrSM=","Kz0XETmUtDxJjsfCSoP7RW59201p9pVp+5821gXv2KM=","Xg6eIxPjizPepDTpxv+GN9WhAekfgnHES6pScleN9io=","QSSSul+M2msgDzLnfBxr2NAO92Cj8b0y9iG3+RnvhjE=","0NPCF8SJHKn5yQa4S9ZOwtP4InyiFxcUiMQT9KgBbO0=","qWPLXbCms9Kt0AKqKD0wmSgBvqPffKRz3S5X7pxacoU=","jfaP+pZ6jHL5j4AT78Vzeb+gdPllcXE6eVoAYBUTZtg=","AKrh0hJGEdy4EzC1/DYddRd4L/ODrH0GczvAzx7bTG0=","zSGjpq7Vm6JmePCtV7a8WwZD/cpHExa/R8yL7GdlyHY=","2Cxp8YVkpClFz2esqDYirEg0B/iieyL4vqweqa95sPU=","x/4S8mV52TfocfolQSHJHBKRJw9Oiy+TNaIuqhY6HmM=","ZOzDCGr9ifI0OOPn7qAgU0OMWOs6fE23/ZesVIstydM=","4Pqv6h/d2O8RLmXm4Y3KduOL4RFQTs/WVgSzmuXj4XA=","OcggLm5b3f0RqCjXfUvil9At5ZnfKEWqLueYBRX/qs4=","DAI72Y92z9tSUGY/h4JMwCpJQs0Fr2wKEanbdNS9Qwo=","VcSGHMUuUenlpP/3ib8pRpxatN6XgSJd5ZZxkqFYe8o=","8gfm0gUW+Wi+d7ERkrrP835MTqc7heJ9tsRm+fwkYSk=","2rPWoiwSwvUt3eb3XUEL4/1mBKleXKLb/i8FhSE73c0=","IHjx5LISX3niSnr/2yq6vMe54908xSGQKk7yAC2EzL0=","LTT/s49U6mB1/yBONgaZxOKRQ5GHQN3qQbh7Jl/W/mM=","g7lVY7ehXu2wdYMNorR1fj/z+yb4N0lyn6HfF72mya8=","sqKyAxjAFfhtz3PoYAl8qWxQnc4DxhViE4S5thrtrwo=","1FHsSphOABrOilOrUdROEgCx3UvujFZjFoYo2DVQLHE=","HuSwNIfoOXFwRimUfIlWPaZ+hNW7+eYrMUqTas+0FPU=","b4NgyWyfy5yzJmT4q6iUCLlJyWFYLBkug2GlMwIbeQM=","MUnOVL5MQ0+RT7x40BjrNCp8X3/Ylw06+B4GhzfdpMU=","Ko+tJECHKVNRVvl4KtVmpeSNPujywEJcrfTTxs+OByc=","DF2MZTlcMDBrbFQHjzjjJr+daJ55eS6IN1FvQCXgKmM=","iQvQgdjcmkMtPaJTmr0xHlIQfEfW3uZWDfPNMaoUXcs=","Hq0QB8Gufa/45aIqRnUqnnR2+fe/V9ehsP6YjRTl6ks=","UGdFIzwUmO5xo2eARBi0REhcJtyHM6y6GIrAdMpTzSQ=","4ju2S6fNOhWM1qjuhOfDZWN4Cd1NSOztlQHot7IjPBA=","zycVZdR9SWs2OQR1OIv+0A0k5ITxFFaom9La10EZToI=","gYZXjHGwrbs2CvIeSwvtq0SP/lY7lHn/iT5yCKYW7YY=","gtdC2hKbqMNbDbAPaDQ1MJnH1Yy5ISBCymbY/jeYVGs=","6s4a/ev4mI7st+57bnOvLsOkZz33iRKxTGxhq0jhGn0=","knBEB8Z2hkxG2hIkGugd929hW97B0GyD/nKvpGoznSE=","BoUpS0YZpoXxFF7cceuHZBsJDNPuY4+3OTZAqRLicck=","vTDEKLIWLeGXKu0g8tl3frTtCu5LzQatqUdMYJUZOKA=","2dKH1X/8D3ORXL03uITuNUBhJzpT8mU6MiQRC5LbH5U=","3cvk2kIh4dFx3gqJTIKtA89zlTq88FDPDpS8I3k4RUg=","gUWJZijxIs7DcZ39gfbRmfE+2dnz91zi/p5UG+Ff6zs=","jVXQYDLyJY+5DZBcigx7O456qHrjXhlaaYAg8hcgyAE=","pZUJsdY6Jp++htDxl5DMO67VoOgIYAPvVyG5mRqTVGQ=","CoKSzfm7U785XLp60VZH3nWLcvFYRWNxo5lgT6YkiKI=","F2MXym/fQg3RI9Oa8bk7F9arNSVjVrO0eQRX4xaksn8=","iClHKuTptQZYoV/R7hyeoN9zhz/a8DCSyAeOfqfd51E=","F9gVgIJFPUeXXXrLkk8/lG6QVmn0xr9z6eCfVQgQuHg=","e/ybcQtoyZo08+ne60Wr/ZbOc3ETFkb0+IpX5LAF1CI=","AJ8l0849qTA9Uzsyg0qBFqC89yltIBX5IrbfDmnik0E=","U/xTxkc5iqizczXuV04s0tkY1k7/orgFuRTkzU+fGQE=","j9mnYygQbA5Iw2BouTbMo5NliDMQAQadKf1bL6aaSIY=","NdY7gZUCcrUDbyl0k/ZUylb0+BcVu5cEJlbzKnvSBA8=","5cczaJ3dymCgKsrRjBpbgmuH9Ek5wln/AgzMOn7F9nU=","JDa8WsVRIgF6bMf85Efm7no68yy7VfzsT/3skv/UNqE=","pKQEl2FxidXeBo1amcNz91e9X/bRtA5jOB/xEsxbCg8=","ry6RcggG8g83COTjZ96X/Tuo4gem1WhGHXih2Q6bqKM=","/EhJT+ecjW91MebsgH2fbyowM3pgwxZszz0nrfFKLbk=","dwmmgfGWDrRDY2reZK7Fi+2yvbn3Npn4vQVedKZLz8o=","vGes8tL3TYqv58MxMDs6zAoTrOvIDshDk0yOubkibJo=","omPjEGkZDTy6xkWMneYFzzSw7oYJUVpi1yqisbD7i4o=","/vqnT35yz/njwqR+NwoKApGZwDt0cfMAmnpBQ34Yrhc=","DiNldarzn2BbNYFZsF7pWgTNmiv8LOtA+UxGwi3Vdns=","T2LkFZvMs8NAzjaAN2oaHPBhuAHqdod8CId6aMhR/vI=","qYIVX++Xn+jd1x2egfAeNrQhkWI2y2JKkY/isBl3Cbk=","3Tly7PkpYVq3kGHorzAEbRxKl2XTGrP1UXXmtErYSuU=","0C0mhpg2hGGzAfSeD1OA9atecvTgNS4Ju4ygScJ9Sjw=","TXoxuk5DbRhqJfkUUosWLNVX5SM9NdbTVucNIDWFhHU=","2HB1K9MsRLONLKHyunLszWR+ANEE2EiMV8docqLkimA=","uoVkPF+1Tss+L9JhS/KyNqqaQ3zJs4L3LrgSuBFPg3U=","+cLu+hc0jFsmEANl/cXVJOWadSvuGb5eSrMOWgDbl8E=","EKAE1hsdHZl/ruc7x34GLm/U4QoOVE9iD2EPt4QUEdc=","6gi7ir1Wvu7US/KqS3bP/AwLIYrmr/1xWrX6+Ec9r8g=","gEam155N953+gxF0onb6HLO/7hBtQ2u1roP2sA3WGFc=","aEi7/eeZQRpoRy0E7ySBWKVZHSe/B1K0g3fP7005Ssk=","3LEW34CB+CfPdhR//Zhai+xbVIviwCWBwxqfUb21zqY=","irg7/U3XXYbKsDADJmvf3eGTZ1o1TB8tYWNmqmNj5OY=","CxrUxT5MzG0Qb4Sn3OUzenZBPTpICE6sHra+UTIVSSc=","eB1klD8YD/PlP8pBiXT++w1fhl1Oblv5l70fFwHvkhs=","MJB6FNijzfYn2dDrVRjqjZdW7U7JZv9rArdjtcZqviI=","iNbzgGJgFVFYxUDxe1VfWu48tqUxix6CzqnZDqCFzbM=","VP4d4csipDOsLvz/2h7foI0DeqW1m5wBFQbbx7ns0+Q=","cJSbZh2WP3+hHKgOrQJRHsBSdSxHXEUJDrBy04Wc63E=","yo2QsQ6p94IrxY6x6kZ+tr/jptOZFnXltVGOPAG+gG8=","cKtkhztrac2SY74rCuWl2LhB+zuTjJ4QydQsvoB4tF8=","7aaCC+wtC2VRdAygHUWDSgupwnuGESnPVfEb6MN8lAs=","VU6QzjfU6RzzEsBPsVE9iXvxuGXFQ0UYaEaQLiq8NXw=","H6NvxCUfnksIlJ88LstjUjWIwsmKTwXvNJF3CafymvE=","47m5dL0gXokgyzWy/BzjAtX0SXaQhSYfTajtywOBgCw=","aRdpXUEvlmpbgNzMDsLDTjjFleJxiOYOn4TikXUOO1k=","R/6MXPkEIqdYTDOWI68NnrwJR+sdRW41Ez8g8+5eBsM=","Xs3nUKrHcUkml+f421msuHOwq/PZH5NKmbgdPppFBvc=","9Rh11jXyIBRSgXmnVeDiUcPYgQA/AHco6WrP1RaiaQE=","5Ui9qzXf6J/+0JrZGEDToqdRELSWojkFJ819Gb4rzyc=","LX79EoteUIfHJLxucQiHnynd/Y83eS6H0w0b4fsNARs=","eTT+tHzGF3Eon+w8F9OanXwLNoDBOERHIU6zye14kCs=","ryVL/6kus09rYjsCPU1j8RCr9ji9f9emLQxIuUkBMHc=","p1cLTcH73sqxDWl4amWCfYHTjzS7MiAHk8moZayOujo=","ipMd6QZODKxNS+Kjo67kbHGe2gSuXRaoqA7FpIGvVvQ=","A7uGt0PustpSvLGdozlG92CX9+WPEnmF0s0a3w3aIfM=","1m5WqXKKpI1/Ar+b4FtlD5/QYmvtnxJ61AErVEyNy+I=","SKXohByntSvS0epJI8T0LhpmA2d1lSoWPgwuaDBcH+s=","Z4sEKhRjgNek9Oq2eQyjog66zFvdTetL0j9ZkKi1KVk=","TAub/sRDNssVYGP1j0TfO5bDz+7BGh0J8+h2GTG0OOk=","OVMLT0LX3JsTrS5cvXd/Q/FFJ8zGewIlCNIwgM9xD1o=","knqfq+ehF4eyjI09QaSOWsFhv1sVDissyoeUv64HxPc=","uBI+MVpcWzrRzl+eNoVwILRSxcB4VSDOVqhCwWSucos=","UFddciMMH2DS3sYX1Qged+dnhvco7Tn+sltSxbTAqsY=","Aiu5l8u73FMhmd4rMegcpiLqnN9aBIfyXJwqYYd96oQ=","Gu10eBePanG4ivQjMa4OGrPoVmogaVsUP/HL8KKqtHE=","DukR2AIaDICh17tnKBnyNOZtRRYu9nRv5B3D7rG6EXM=","om4d7taDJNw9ylolYznyd1jsGnLSjD8zPHYinaEWXaE=","DbiA8iTY/4eFCApd60Mpj9xJsgpqMKq8PZ+R5HqSxxs=","MupihTAXJWUFWxGwrLezFTveU8do4lskBAumnkoUJoc=","bQntH7lxKf8GHhVqwWQ2eYr5OhA7ggrAkh5n5O7lTGM=","JY3rkYLlHxbfhmHZdKxNGMHrJOl8ETVFD7dZhggvu/s=","Vr8hNcf7Us61GbqXiBRx5lTViTVxzX/v47flUacWWFs=","z9+gVbPLZAi4RqaLtZo7fGCK2dkGMLtokOlHh2S/ISA=","pNvWm0xun0GjjctP51VUwK9/TbnwKJ2VAS78uqK//m8=","Px/DX2s+YPKMDUIgLhZmr3sQviLLYpUuS0QKAYKnks8=","sw12VJBY+mHh+WiGOVyrfTzAw7TysCfckEMMPjC85pw=","Y1DVThMQRSWVzW7b56d3O1Dqwhw4QYzqYEGWnykFkwY=","N9SpSxpPeni3xuIolNmo1ZFESWKsdbfzy451p5aIUPA=","ws+tbHaHmYaBQQLyGPbk2HRrHlZ+OSsNRADsgZZpF2I=","pDUSy3VBUBgEIYOhwqrfOcOD5pg8te9XFKkG6gOcgnA=","QapkiSjcVPRRWaoqNp89JhdAXhIemoH615+KYwVFN/g=","ee0Ztz5eE/RMpp9qWwBtaY7ql/JkhaJPjbo0WJqfLjU=","q47O2MEaz3gvh4xNXxeoVBs9n9QUzLYLd05NvdsZkzo=","rarODdFQA0PDYA2+3yrwk05b7tln2zXTPCOUI1lyGwM=","sR7oubdiMByp6bBNQSc4tqbDgqEJ9sUnIcJQnhH8ntY=","4/bfLjxP39Cc/Ar+kDaj9ZpzKKG9CUqoGwD8kvx3+MQ=","Op+3BmaISQ0nNy5/+JYqRp1RuiCoiCAFmaSNqzQH8Lk=","IGOD9BJfSx603codApWqy8yXadPV2yBI13fVNztbSmA=","h1Xz38DEtl1IyYlQvCLHDgB7uUBR3065ET4ddzi5xkA=","P6EOirZ0K9VeUhOuX5QqT1r8wnnvP4Sl1OsuTPFPvyw=","OKicR7C3zJ7FJcS5QNza0CTAZy9IJwgkKF90CawoPb8=","Pb0hbP+HIjnXo4jaUBFrIkseRmTBVMrXRo7ofGaImJE=","gquxt/g7ODodPTldKhhE6t0R1is1ZoS8GcK8RJIc/EU=","beCNosO5fhKSWJEHeGcdnaAwtKuvbOxdiW4I1gPyySE=","XPQJ8+vxtgIsZ8C+Tx7g9IoY1uhSY6GET5UobkYBGic=","lhYPI3K8ixzR6TtoL+SFc6XSFfBSstbXfeieuTdJI0M=","63EBy6p9/BeYes6xeHJztuzooxMpCqTZxj7U1fHwIGA=","Awlz4gRGPfI6S4tbaj4CV02nTXB88ZJXcxS/U6M4luw=","Dn2aIiXuXgL4Jk46Q4GoznXyrOzkLH2L3lZxO1Cn600=","gnVwnv660Cw0YQN1To3PbUTImVQWvn7Mz4z9LX6sf34=","juonXnNICpsdNcPQ+X8vL4N9khCpHVowj79CKmQqIbw=","vC4WpsDANfRVITE5ptJ6LeRLJvG27O8R2oogTHU4Yug=","CGoHjBoeYXbKnTyfQBv6hew5J50zeuPjct60AicYkkY=","bXefOu0MPvWAribKD9++mBoM8Ld1KTFMwoKllwaUMic=","cO2Sqhh0KgAvYCfl+7OZ+BHQV13VD+XqYTmTc3v6eIQ=","Fy+GGvO7q7fgmGn0Bjq99XQDdYl/aD62av/hVYiXTao=","d3DdNAt6C8qMzXStJTxDv1y4eVFaPrpUuLsYy7N47QU=","85zAJvXpxQ9UTSQG6PyUMOBhxeGWYvsSxFVse3t27vA=","yU94o+xU/ZtbHcYzQu1WEGOgV/1cViqcD95eVcOxxuA=","I5LCzlumnUiBAzJBatXso22vim0/sqPvJVVM3iu2aOc=","qSttih5TDQEPDdyhcwyIp0dX0pH12asTmOJF0lsVE4s=","X8k7FPZm/7e8wZDR3uZ9ST9RqzOMV43ChITfvf3x6Tw=","f7xmQZjMiIk3nbdq6QeI0TPMJMKU211neZkY/laHJNw=","WJq4Xu3OzGTmPw58YmH9CceeYBLO+fP+D62BtLIhrnw=","IlI3SoKfCKpD6ZZE8eHPI5sa/Dg4Vv77iLWD0fcpYKo=","E6wC+ch65C6qhHjSHr1b4ILIxKnh907oqjwtlRiX+IA=","pN9Jzvi61e8G3//yANAlmAy+wFpLeR1QUCqrLdaGxOs=","ZwYLfbvvb4M7nwXhb63121DcxpPvWRnv5zjROmONEOA=","mC/uHyeX0Ac+2WEpLald+MZCIY2sdsSDCBycWlc2pKc=","GTlXpwkKg7Iqhf5tpWQ+fCmr00PqHqFfaUapF758nII=","0JJbP5mrhw/LlEYVMQrDGHoA+AXzZcau+2ihoJMWjcc=","kqlcMW+TUJUHQr+GNBglZXLHA4mwScsCu7KljvlGWi0=","bBESmwA/HB2r5v7N79/s7CIEaTQGfsBcU0fN1z6K3rI=","WfQBsLgDnvBl86bMQ3p6wy7Oi/v6jEDMkTKlhAdTQmU=","B5VpZhp1uEplD+TYUTpO/0iKkoCGq6y0s8KyrLDGwW0=","8bIe6sgb2xZatg7ggKUlxzsRWTsaOrAVf+Kg9bHeRY4=","2aaTW4xqBO/Rvy6VnWrRE2CM8qHEABoX/8qetSQmNxw=","1nuzdWBan7PYjIlbNlmd17BFWR3upTyqQTY8y/AS5NQ=","5jjhdEDDzOuUMLgbzrJKQct1r8U9GbNIbmKLgq3xtSE=","twWLzcds0KUq55LmGhBuqcwoC0kVfn89tei9YTYgRzk=","mc74wrblBb2H/m7AIbTWd6IvYKNJ090hhHYQpY98z0U=","3po1Qt/1e/XwVlfa9qNbhiRx8d21mxl2fy+v9bjXg0s=","nADtUHzT72DCMwqA8uFIUiO8Ytieys0h5eZfO4HcBMQ=","Oc8R+TPnOav4dqSVcI0DZkpCSo2xLSIXljGG1GrJN+w=","zYaXHNAls2mueWJh1BP7EoAof1/uJIkCQQUXbldCJYo=","+AENtlB/tiLYcztirCtrmnWrlvtki55F30FnASuoSQ0=","iKyWuwpDM0cbeG3JJlsxzlEvRZPXQYZtwrJzUhzCZpE=","1UeMRXIgr0ox/ZT7RVdQJVkzCFhT1WPKfdYkk/V1+wo=","AfmWvoFHd12m9VbBkJOhNHCFl/ZmP3qoMoXgVRQ+Alo=","fdjzalXRUbyPFUB4UHNGqcRiCDs6a8UDkekg6BF4xVs=","SqjdkcW0dmSGe96ABMCliaXE0H8xsr/WaEcOVgKqKck=","H+YOBNasuhBrJwU+Q1e0owqsB1ZvMUdImmmKsdCCOaE=","MaVoysrZD1z4A18PjHmOrCpLbzOEzJN3weVhyGvKrUY=","uVfbc3P7focmQ9BqDVlDUJbf8np0mQWhrYsj8xNh/Pk=","+sEuGcFBpSXsUoGu9mbPxfO2iuljDhTk/ox7ZdwC0Zs=","+iLjeNRcQHV5Y3VxuqRn+8eShfukl8g8XhftsVJX5QA=","rUtU5tc5s66egeXnuM+WLiWL9woewlHlyPB1BFBI22A=","gyFNq3tuFirj4YE7uRtfCq9a6Rvvd41Peijk7p1aXqo=","hMvdPqiB1yKBjDkdHyQkFwd4E2WVk44Kog4R0uQBPqk=","isOd76eyg05IfoGTeNUc2w4mi6ajW/uxXd/NElNSIeA=","0lTNFBAdMKA7uiG4RskrXSiKj4SyUuJB3wB/k1Y2JuM=","M8bzcnD3VOFsuPItuBHkuyFwrKnCuVRkmBgoRL7zmwc=","mGCWpYkhWwt7sLOY/9LikwDeu0Zbx1z32s/1MmLsnjo=","sOjjSK5+/F73EpNOPsJYj4M3Hfb3lMZDXHX64Ik4GaI=","EGpVCk2BXd+m1WZuvrsYDo31HPLb1L2CEqHRW+vYSgs=","ffQvF57pYkeE7iASQX4gmovXb/+vkcFwgxrHZTSZHMc=","zA54Hr8G4ByzNThxM2OwvSQ9MT7LrVTCnK0hkqIigRo=","VV5w3Ci4v+iQ5kX77ImMatW8QM1llw2NklWFMnWtAHo=","u/Po5j6kTr1dk1KJrDfpfDseJc4iLcMCl5TLEo6jh6M=","iCN3VoXR93OYlaOdZ1E1hqXS9EMXLPAK9tbRUFHC9Qs=","7XKKuyz/G5VnC60pgKCd++Otg8HK7bHWiUgGtwDmuOI=","kDlRLwoiOCKM3sAbUrgKQ2z9Db5z2wC/Dk9+4Hi/Gec=","l8p4oJUehDqy0wr7itS83qMypVTBFXarV5u/imKOhVU=","MavsSheLHVt5RJ1WxqO01faQeB1K6kSQYi8nNwlStLM=","Lu/YnxkyngLlsO7q7XYVpdPeBHsK+T8R+jTTtsI+rbM=","tCn7ZckuWWeJxFs1FKN1qb9VRPn3E2Q5lSq0I0/Shvw=","kQmr/neJtqy8sWk7q/TKkJf2YYqYncWymMLsElp3Olw=","igKe1l/l0pqMy67+fFOBy8IkSS0OFbYJu3wh4/Qj3xQ=","pO2VcY6RwZS6p+mg2PaaIGDJfrTnrHgoFiGG4YVcpx4=","hTSNDMd5d7fX2X+BMuegiPGQKg/Qxl/XRVedotRpHeg=","w8VG78QkmmbpPIHKJAfcyK4+2FKcyQ3Sit3pG79H3Ps=","PGTClBsH2C22z0uV/HYcURj8Y01xiL9ryY18987oqns=","HfX2BUeOF1L+kPw1ql5ffimp6469hHbWvXCS4mBizIU=","MoM/sICHm4yH3+YWrL5I1GKAM+8YQetkXG5KC7trqtU=","iIRqvBJZ8BZp3zLup95jJ3mgdF1yCWDbb181pPkLVVc=","PZuyUNzbJ3AVNchz9bB9RHjkccVDrpg7Lbhmm8GKYP4=","YXlsobJV0WgQz6RobaR+11HG49sFgU9dlCuz4e9/Vbc=","wbOfehRrlps2CdHNnjKIjFP8W9j4i8DcvaMwIGS1oFQ=","XyO8wx84GNw6qy52DGiAt7L0h+FZ/7P0QOkBvPHj3dY=","OSQs7a5U99e6ZagPLlub7Fx01kiguXOWYfeKcClQVJA=","EhKsgTkqp53xKu4eB9GPWUtxo4/2UE3LglE+2hKQigY=","SD/vZSJygHB/9KLEkC/kOC/VBtX7ZWLBKjPAn6aG7Jc=","rQrQGBfd4Pr9CMdcKSv+JnDQkDw9PLCPgXt5m6cllEA=","gB5QS7cLru8cz21h8u9L/GAW20Tpwo9yNJrWc13HYUg=","ANgmnAxAyUf7CWZsQ6PdjuCxQg3W6U7jS70tvgD3jFc=","HoQzD1tL1qwLRjC5IIJSR2DalT/Wtsxi3HCuQUNBQ7Y=","wd8A3njKMUhIKlat1S+CyFIPgqq5B7S7i7kzp5G4fsI=","DHFTML0gE5HMfpNYXptNcOJOYpl6y9tE/HaBmP5FrL4=","zKj7MEy3EZtd9VUXwHWA5Kfshp6Lozi2qeLgQGrXJm0=","mpu5wyIjVX+Xu+HE5OyWILUJTF0GdaMPNO1VphKsDQY=","siDwqbCG9Tl+GC5Av/CRk3vm5yWi6+UxAQGhKiClJHU=","7M+rlCnp0lBGcNQxzhwMBADLfYiwIyMIziym5HrLP/E=","eQrnhil9ZiM5sclfHYC0/zzRQdwe5cz570WnbDyzTos=","20YcfwwA8sjeOkGifYzhGqkF37StpJeprpOk5ROwDVo=","RyVIQW/oghJIb/sbwdACfD4+AkU1kfnBB9grn9okAjc=","QHAaQLWtHREiA27HymymOWqqpdkgoVl9PgCJbkcrSZE=","bhJ2L95GdUKVKE2ZY68dLVChC2IXOzc1BjVBqEaTLXs=","TpaEBW3UAGBVMeWUksqCh7dUXj4odr4ReA8DMwi0j9A=","EQNimxppT0oB7NOCT2Yj00o25uDQ9o9Wb5ejwBJA1rI=","nV3ih7VxQIP3AP5d8PyjZ68IOAnpo7+33rX0rZTj8F0=","5kycVAQkAhIux3TPCxzbo87o+qhlrzRkjCJ2P+Zaucw=","RDCBdCKGN+3/iAKSxMV0iYjVqwUegGAVzmqmbemuoss=","eY+qhC4zlbvahVQ9oj/MzErXKHLcwWk3cveKVjGiCKg=","hyM/W/zUqGmfM4RNUJrItr/epug4WiowRm59lvsvcdc=","lYyCGAdFmOYRKMxdLy41t8nxah9eJX0J2ajIbcxWg64=","fAHWjrWmHHzEmU7R7AR2tZ43b6NTkPkzDTE/4SbwuKg=","zeWDn142bylDssJrDsU2m+GfyPlELHQIg+Gle9NokZs=","p8TlcEVgO4lL0sHpPpBeAP75f1sIWoNIU5G4nh1OaYQ=","Fv3nuFANdZUdGhp5BqzEsJdbBSLW/LDdGryreCzrNYk=","aK9Q29IPjrfKap6Y9ejn6/wcvg7Plp5xbB2pitB1r2M=","GyWgggRyFXfUgrCCq28c8b8fEkwS3HdfxzKaf+kfEAM=","2blkZZ0CV7S+VmX6BVDrk92lL2ecnjaXQj6j2Qxgwuo=","UjzbfzmFzwevbODhDW6pX1xbFiFGnxOVLFt/5UOVrVA=","clU639Fv+XO8xRSeUgswFVhW+qYI5jwQmP2vtsP/x/M=","rOljKjsoja9+GA283RKsRceiW+X2K1Vs5tLIQspi7Ns=","+2xRN2f4m3k8NqZj5Y+0yfiLPZOcYgJWIA6DUMKB4sk=","NvOHeNJyLKsBiQnUCXy3gbOCGs2obiQZjKup5/iL3l4=","godWcVqaAxrurylG2KV0ssoK6gXS/JbCMuVLQvHsENQ=","q5fIRm3PQggaZKad3IpzNXByqD8HixzVLFs/qNFOhro=","bWXnjq0fJGJFCHmVUtS92lMFcedvZ57GIQIjmq7XuXM=","ZXQzvuO13p/YYRsAxfWSTKNrfrfo27mZYD3ZL5WxS2E=","MVWhVBf9nLyOUa5UsIwlSEVIFJ8adNKHEdRtlP1y1y0=","beiANedHLyeCnejAWhzKlm2FCJciSP8lKOcSNl4SiXU=","hyTlgsO/AjBxlFuccEQoOItwj2yu4Z+6KRweR1gdLfY=","bo4pvLbxAazK20eHPCvRk8LolcY92Atelo1ojPyYCJE=","2p0dbpFHUEAPxioY2d6FMxdeJE/FUXCVWD735VNCRTM=","F4u06HGA4ePdZVoNa+ODY6yerpiJ9thsm90Sawyb0SE=","dW4yvuDtRJebMLPzIpptgdZcG5ILKBxHn0qIKDVqrZE=","KIA/fMAJG7nLEMpeiG07ZVpiBGoggIrr/7sT4Xbai9g=","V4k9qe/cI6cA0op9aDRnIApD0d8L6afe46Kbt68tG8E=","dRcT8y7ePOJs4ctaH5ONdXdBoi9DBCFYODNXJCTvKy8=","gThen6/4OBopyPVuf3IFUGAK618BAzA0cf7HfFdHc/E=","WgYScNNrd78nQd/aiWsK7EyJm1Cyacnop+ExpjI15/I=","ac3KqLWqObBviW4IFTa8HvEj979Zl2P5vdYi2cxFCAo=","9M/RXLLLWBnxXCr3hu1TiauB38C2lflFQMCB2Ln4A6Y=","k5Dv46zdXsxTtzXFRUn4tm2V2lOr6hyiKTD6Z0xeZx0=","SWmVDCLnaslC9CaIC6RuLKH/DLJr7WBZUSz1qkOcfhM=","7aKMkXNAuZsprCY2bBRATmjbCeIcYFaHLeDwzgrLsKc=","jB5NGRQ36uu1OSvqpc1PtIl48IOSrjC3wuY4WjFuSL0=","ZGbcS+NMthHoNbC7aCa9x25Oocx/LQC9MEQUi9Shd/A=","CL/Gch9otpgkBt2SIJWWw8k/gUIoWwDsL4wgtNlPZGY=","+5wRjIG8786o1OWm8tnCi0xbUva3A2dC3lRDtkWN6Ns=","l6ANbLNVDN08VFE/n6l7OWkmADZ9a8NKwhLFOLL2iRQ=","frjm8yLHPg95wvNutYB/llWY8/Ucp+lcmlp4+YNfW7s=","V3L2OxA9Ze+Up2hnIWzoOXujgsz8aWqQKZBTgqgZE9Y=","nMoBfefq3cg/ULvHlXJnmdmBjTPyHFKfM5pgQKA6n4I=","vMCEEJz2hE1px0odd6iH8nppBw5zbt0hgAPE09srDMw=","yNJbeFKNqllvA6lLAvetIUnoq3N32Q84hifl1C8uLc0=","fN6U3+KiPZdaI7nrsZi2BpwXjB6wNdAV2RvpJyBmp2s=","xEcEYWhcLLLop01iPyEo6MeEsWKGCkZtrNQkoKIlZJs=","Btm+UjOHY4MyE8Ay51glP0v2CHeo29fnFQ48UZqP7mI=","G1aDIvU8hBSiQ+d55qWAGO0DZiMdsve3yH9g4aFQWgo=","cdAfGBrGn4dR09P8VOi4OjKoT4bAPp7m++zqM3IHHeo=","R1vMShQQyN2kIM5QhBHUBeJH0NKNDIEENaPkEap61JE=","Fp7g5TYBUQiKSL347v+fCClZ33dtdblirRIWUmNnaA0=","ia+NLn4pEG2qBJgdrjp1o9dKv1vAcHvXsokYm2fah8E=","mHzNVOVxy70EWFLCM+/yAmFHiIlKW2xkJiY0xyI3LjE="],"block_size":4096,"path":"build/frontend.js"},{"block_hashes":["d5xGH7stINe/UvOeC94Q0CwtS9l1+h4lXMXkyrdAAd8=","hap3VKF5re64p0GEiPmZpeOa3a3MvbvnKFwGsvyp4DQ=","jaflEenXjr9LNdDje/j1aQitZEIv4Vf0f1LqycSmIdI=","dyU4VDVMpdC8TWy4f1goaXwO9OQS7a5OjBCzlViGfIw=","KFGR1VDERqPm8Q4AXgKdfEq/BS5kBqRmBcAp7QGTHuM=","cCIbXkOPjTyKL6Y8WhyAoGvDEs1lo/95dllGdttvUao=","VmORSYQOLzc+uapK0q97LuLzEVIObjISQvM92vYHqdc=","d6UPqJZJ+pBcwOINr3KVR/qk1vpsW8qAVJobP+OPjcs=","+6sp4A3LP+sDYfXy4qdqrKIrVTYtc4T1FqTdgT5iPFk=","W4SwAAeqV1taKm+rxfRiU3kB4v/3He4VxNc9nGrK8bo=","i5kWdyVC42hXSKkl8BPW7AamZxdkuVp5IkM2Ku/n4K8=","y3A394Y3OUBzIHizc4HT88HnjnhGb3m5VLOCUaS/PuE=","SyrghS0GeRkKPKcy/mMw6Rjfu2I4xlnhVB9XBb/sp/Y=","9ojlBk3tDYh1a7p8qapb5Cf9mr+HY3xHvivKr/LXqDs=","kJ4+CWZ8vsVaVyMizElKfIVwhWWKPc1Q+SM4B6Me+bs="],"block_size":4096,"path":"build/ng-validate.js"},{"block_hashes":["nztyl8EYDHvFj+1HHuMhx1JcUtC+8SzajUQv8PNQeK4="],"block_size":4096,"path":"frontend.html"},{"block_hashes":["mlVh2Mo5ZVM2dLZ794nW+25EXUGtwiVvh3c9Ut63FWI="],"block_size":4096,"path":"images/Triangle.svg"},{"block_hashes":["fNYVabPrKCEXgeq8YMjKFGMK2DMXhbL9wNlzv8LHjHQ="],"block_size":4096,"path":"images/augury-bw.svg"},{"block_hashes":["OT7EG54IN6HBY7/t8MH8h1a0RQiZG195JTdEs2a8+Ik=","CGWkhjRFwgn/LJQsrXrMv5H9p1DxK5ip2RfLslRcz8Q="],"block_size":4096,"path":"images/augury-canary.png"},{"block_hashes":["EqDUwYqe0Trpb275trQ2fiPlrrqWa9OJk1rTrgWxVKo="],"block_size":4096,"path":"images/augury-logo.svg"},{"block_hashes":["DNmPjInIXAN2IrxRbOLJUhbyrS/ywKtps4nA7u5cGEg=","55TSa+PdIeljJGFmlkMssrcbkM//a15YZQ9pm71gUJs=","HqMcjf+gnqPYpUK7d2mx8z++ZgTuzbNIgeoAMsYY114=","6uSFUb0aFTeU2LvuQ/zFMwutbh4z+Bj9Dl1fEkVg22o=","SqfDP8GAnPSt8FHuv4qZJhZ+SK/G4nngn9V9975CK+U=","4Gk8RmE84WF1vNxUGovCIBrJvWE/Hewc6WfqIrFM5og=","qQ2v9CZIuLsEgMW3wiTWtGAzhT2TNyG6b4oENv8mhtc=","wn4Qn3owmxaTY4KeVtaj9fKKy/D9g1XBBT+puyztrRo="],"block_size":4096,"path":"images/augury-popup-icon.png"},{"block_hashes":["66j3x+uFDc8lGHLpU7pwwerLokOTSvYXadR2iDQMtTs="],"block_size":4096,"path":"images/close.svg"},{"block_hashes":["dG6DJo3rlGq6kQWwg4lzpNZTSI8moTb9GYjH6xb0MeI="],"block_size":4096,"path":"images/feedback.svg"},{"block_hashes":["Y6LaEuzsPmc/qjg/CNYI9sIWOjtDsOZ4xNrP7FkrMYk="],"block_size":4096,"path":"images/github.svg"},{"block_hashes":["P94g2vD0QmozaRX7F4UHPplrxLTVynTWJgcg9PenCEk="],"block_size":4096,"path":"images/guide.svg"},{"block_hashes":["Iuf8ADb4h5eKsm+Avh+pRPC4bkxWdKS4qOAYWdJCjWU="],"block_size":4096,"path":"images/report-issue.svg"},{"block_hashes":["YKlPPDZZTQssn60E8+65EH8vX+sJT/Ysfge/IvfMCfU="],"block_size":4096,"path":"images/search.png"},{"block_hashes":["GkGOYzrhAehAUpBNKUZym3WYZIzt2Z84N2UoHB88gIA=","C7GJLOd2IA4LVBMf0Gu/L21SHdv+21jS9V1f9TILZpo=","YvdJK2kYs6B+LrqvFApIJFXy8NAOF5AFvY33/8sGovE=","xMi9g2fwhNqzEIjSjB8Lzwabbt9vYJViwjxqDUYItqg=","n6ZUgJ9WR4QwyRYwizKNOZ3DPLOne6PLASGTJfl/0LI=","3VHQsxJWMQ+3rsIMRElhRZlmkcJw5DPsd0BRiNJDaC4="],"block_size":4096,"path":"images/toolbarButtonGlyphs_2x.png"},{"block_hashes":["Re5Po7UVA/iDe0PFhfOUAGM5ni7WKvacFRxUvb2WlAM="],"block_size":4096,"path":"index.html"},{"block_hashes":["DbiGgnHLaL5+q5xS7/aLlerwbGhWC9Yopwtt6UdQglg=","Nsgah43DwUCd1tloYfPe+bfMmrB0NRvNLLaMdzJOHlI="],"block_size":4096,"path":"popup.html"},{"block_hashes":["vbKeeX+UalPllRYs53kWBq86tcHyTGsAT01CNMuzBzo="],"block_size":4096,"path":"popup.js"}],"version":2}