{"file_hashes":[{"block_hashes":["ySZXUVTWjb0KtGX/RwGf8HD8T+izDUh3+RKpMVtaqYk="],"block_size":4096,"path":"devpanel.html"},{"block_hashes":["74RvEQ/ua9UoajsrRsaVkS5t3zm+Zd0iDwCl/GFxcdU="],"block_size":4096,"path":"devtools.html"},{"block_hashes":["2Ic2jxiqRIPVomeobR/10moJBIuxyTwKydN05DgBQ0I="],"block_size":4096,"path":"img/loading.svg"},{"block_hashes":["oQHGPBbCmACyRQm5Hs5CUoLbDcmFibSSHs9zDt/ce6I="],"block_size":4096,"path":"img/logo/error.png"},{"block_hashes":["Z4dzuRsGEGfOQ820Hq3Fz1jDHayLbOlay9gAOnEFK9w=","3eCx2AMveOXQd4DbWm0i0YEmMWr9gbh5r/bdrVCBQKc=","iqHbGWYHZms7yPgAWz31hmZ1w2FJgaQGEgx+l9rR4/E=","hVqjtz1xAeFI0/rOd0KbkCcx+Svk13kNiab27WuiucE="],"block_size":4096,"path":"img/logo/scalable.png"},{"block_hashes":["ywSL1BUbQP9p5dfZKOyXkGl77qR//Jk7J92KpxcdqDU=","SVOvXHzCtgkz9+8qSEq2YDj2mV+QsQsnG2FReEzv+Cs=","M6r2iM/Wu7jQ0U60RGmbVp2bI0kOx8ncAUVCbELCq6g=","I5lValla+OlNHjgj4zG7c7cvQLKixxQZhnCu2K/S+qo=","+iPoKIYq0jaRs5boYW/LRfXua0fshhQ42GTpQ4vsBZw=","sjiZKO1kLfEZtzoVjE+KOgh9MbhiTeQlaPbVDX2xWPQ=","CMRQgzr9V2TNmehZ1aiE9bz+QzPRBEgx1qmvXdVaw+w=","5VWuWwWjyVf7BrroDibFWQLajzo4WiRqs6R0TvCl9cY=","p1BxB72YoqLgTiSX6Ds04Q+kXstGyhJQ4MwurqchrG8=","HfkoSeehnfSh7WEe6lh65MFsGBSP0ziGegnX67L8uEE=","f17RI3irgHACNuojzFEgIvjEzNoesnDjP4wn8P9mpM8=","zYwHYmXWObmYbLrgeoaxCtzYXBUsjfVi68z65rjhC6s=","fP8KmlGU7wAWB1xI1uXx5OjcCLAEKhRYP+PgouFvUao=","Lthgq3bGzEX7gR48hyq1KEyVT1HAKWshP9oCvwrIIUg=","PwkHOJSTfP+R3kV47gMyAaapCB4bhwURoz4XRDg5mHg=","NYH0w4w+ceqbST7sH8dGYxXGNJeALMn8ULYwpqe4Nlo=","O+cMtaIgN5iaO0fIHPMeCqaTy/dC8WVvPdqwDk/9JRE=","bQAS7RLp645+ZP4Ml64/x199AZAXL2E7MEKpEy5vtYw=","uHPww78qAxU/S2YuFYozoYLEBX/8/nNVF0xGtrea2ig=","VMX1vt1QSK1txHq4WSxiPnFVFLGu2qm/2EzFr2nfH5E=","sbi8oLL7Q43ArHo7DyZS6PcKWn4K1F/WQbayJjp9dgc=","dRZzbROj8pZ+oUkpGqnTa4/caeJvNMM96TSphANMydQ=","uVqftqZwIomd/HhMQ1GhHbXP7LfyapuEh8POg6vxwdI=","p4w78BRb/0vUR+s3LhxXQkVrovjwwALzYILvoyA3+MM=","EJnJQKD0wNLENiEADUj5PsD5S5Xq6kifsmeA7k/JM+4=","v70oLRoBq4ngelg9BfdE+pY530Sqag+DunlO3HpQEa4=","ymtFYvpHw5mEtX9737kA4dAHU+qqpk2k/5hI11sDk2M=","OVucNAesON0V92qT4qLCFUEaNJC1yd2bcqXHVKn8wnY=","MdcABh3G4s+X5Mhi5J5rYyvnf1EXEljatkGn4lStLEY=","a9vipmg5rVC5GbyU83CFIjiw9lXuMmcjF9e1pX9X0qQ=","w5q8h5HxB10OXqgnYZOqsuc/7INFC5+HfnYYyO6FGso=","n2b8Rl9PJSS7k1w3Lh9FBxy73CpxNdCxQUmU3XtcNw8=","+v+/OCpBXAd1hLn8Kgb15jRM9UAgIsg7PiSqp3dRK8I=","amYy25YgEWTOkt3hpbjDFMZupWo86ySrMY7sfX3X5KQ="],"block_size":4096,"path":"js/background.bundle.js"},{"block_hashes":["M5t3UNaU58bNg+Pj594aYPhz3Ki6bNxq2L186ao+CQM=","c1XiCnJUww60SQBxogF5FfFHy9dxwqu0kFbZXWByy34=","fxSonX5ZZfaby/Sq8DfmWV4keEEqi4xxC1ABnxqZhYI=","/lwNW16OoNP6dicLsx6DYcWm/3w9lfX43OySvoZLYx0=","3gcuKrCaTUzm6/WNNoU/0O2f73K55Sti4iI3nQjRFgw=","DjYtxCcCMWTzCShJBLUVuR1shtbmwfdH30BvbCJBllE=","bQAM3fs/3HrhenmDneNZxHXwUELbPqWHozPiMP+Dq8A=","WJzwX7cTJuP8ypuJ9rKISlO2AU1DZFm2LllM8OzyKbs="],"block_size":4096,"path":"js/content.bundle.js"},{"block_hashes":["diDB29n0hLqY7qKXGxbvHPSs7sNVZ/x9XMorVSdUh+k=","b4GxKBOrztRkRgYOnvlv78vIZ+348CrULEP2FUB7D5E=","aNoAmlfzEKpI8S+jia+9I2o6FZMIV3bNNXZq9LQ4VSM=","8fLP9okdCAutetKvTWB/EzMosqEH+3ZrCw28S4Ull4Q=","LwfNPhNbytcafmREKyUPdAHFRZht6hGEu05Of4YaziU=","K56CjbaJa4lYchlhMKTgKnFFRDSOG1dCWkkcU+w3kiQ=","15UuPvvkXUlwRMDkQHqUg5Ii9VMbZcZIDeMRz1ijFwQ=","8s3WKcU13irL1nMuZr3tDz/2yVRJ3mgRrGMfUIexRV8=","OyMKLMPchtgc7SYiUsFxiFbR6Fz3jwym/MjhUR5xSjs=","r9gOQWyvx/EbMkdm6NwqO/Yi/29DjTR6Yglf2BGqx48=","5E1JazvXRWZv+a+27yqOhEZvdShoyyp8OHwU4SzCNTI=","j2QiFZ9tltOX1kim/o0xBPbOzr1SMH1Rm9LHIkvF7g4=","8MPg2KWxRmL6HQy0yZnMGJ4fAlGOZO7/phdvcZmGEz4=","Vk5T42NBxXDSx3BwpZbwdG5brjLxCgs+toClx59KnXQ=","P51g5Cc8F87TG4ZZmFkXjfmdIXENzpeam97FyyL4luA=","5+riZ9dOqAEjjlEIrHxbvri6A4+6Rpkxlbff3VrEfwo=","qv/kUMYup8v7/qmRENpY5a4hQo2Tb2iRs8O14JXopdw=","vNiU/Bv0hlB5EPZAEjizhhiqQh5hNPGLddKPt99bjS4=","yZdUyO3zd+JlUMJVDXDbfe5kISQctuCPRERCjAqLdEo=","JdiH8lrz4QJGwrrQwGaPhk8oGtkD2w8Ay8+5enO+hSg=","KK3AsQHpu4I603s3pnTUwJ7Zw5NYf0ia2gVg5vp3iPs=","B9UM3a1o4PFJ8qSEWfUBtWYmDNYysXvr4QX2FXL4+TA=","91Iz6bz+bRe6ysAZD+xzxygwDzhSyJnGA/GhRAJ+hrs=","9bKprMP/rDcknme4NJ0tk5eX/CDQEZvAtnvrR/cttjk=","Upts/sygeLtP1aM4n31NiBqNTBER8aEuJDiMqgQg4L8=","RVKGVC9P3HXxoE7AJvO+anwXsxbjvh4/nf8gzKr3YGA=","36dTHl3cIoD8JWvhJrcyVYC9/9VUGecVThYHmsh4+eo=","pzgIG9okPybJF8KstGnJkRiKQZwRQIa7wydd/eGpl84=","lKc1BHn5DWFUez4tJBB4DyHBKj/P/FS33RxH8eotLa8=","UbH2OIi8YgnDKRXSrrdFGXsNRdkH3jsnyA2X360RrYM=","uWKNxQ8L0GhAh7h9Nhsj4hxQwJ3QxZhKh6rOOzDJYlQ=","mKka2DxT6C52UwaLjtK0E6SFmf0ZXaf4/zhgFQ7pAys=","hNAsbuuxiV50bkNJbs6vSCnUmGwoOjqb5fLEIExXYRI=","6uw0sSrm4s4JqOd+UI9DEpqorOO4jwt347eIzm49QW8=","71dl9px39pP3wVHnroA7m1Fm+CYEC58Or94l8LUb+qQ=","sTZX4UgVimR+E62JGUr503QVHcclSmh2zOalrqZHolg=","F4saT3kFqwIPwiVMABPPkMlaHmXMyFUUieWPudphI+0=","Qf4bn2U2XMaqH6dCU+JbbI3y5CwE0jtbjAl6UEVL2sQ=","e7sbPny/VZQCcctDJ68+9WsONTuizn4W76X8krfSD+M=","hW6KYDKylttEFLXCH54IgcuwysinMCMVPu+zhKteNlI=","Th+kDTIMEHOJ8abMSZCWzvdN2NCTx/87T+t0EsyEW1E=","MoeTLbdQNEw7frr0AdSDsS0lsJ6DzMzfHM6JXnCqf5A=","5/n3OkakOrelLL5QYjUc+eBI2TDIyvZlUNBGTYidpFI=","scbfVrAUT0a172cN+s2408jODMWhceoQ3ekYM9wNRp8=","zthsUmXKx7Gh40GMKLlLsOukd9suVxMKI50WUtcjW+o=","v26I4F4upj9hXn+NBTcweG2gLyoRItcn07Jl8C3+Jr8=","iFtkS3ZiVJFMDT7mlQJqtgI4tTIXygJB/kjJi6Nd3Kg=","0rfhwbyIcmLZZkky1+Budf+YUYTYuuOfgLmL+V9TAAE=","FTlL0dLbq/M9Q4F1/jJ5CnxfTMFv5mKjuFSVy0S5Irs=","uhfe9e3W00+GQip9NPacYO1CUbhv3/h/Ktm1xQcjpz0=","rfb/rCVOEUVgAehl6TwiW4Cc74WFXznfFUK6I84hJWA=","haTLw8aR+g56G0xw9rX/0/VhHpEvreeElSJw+6tevuQ=","tCrG9GhMQ0zCv6fdnm7yV05njNkgo7ozaOZk5lWbLyg=","abOQI8mc6qM4/EzmfpcaWb1aUt/8Ab/GaDoArDDi+kc=","LPjzjPTEbyTgKJJtA1hTza7kfC2TxaN3HfQMAhC9nWA=","bAuED1hGr1gCmmnj7eP9xuG4yiDOTwCzMM8bhX5U/R0=","yvzzUxtE4CUCzIBLliCD4Bbllwyt4Az+fhdvgFZRHRI=","esr2L6tPqAymdkcTp7cRcReRcDPcWB5QCie39F35wqk=","XHumEZSPVCZEjj4KGrycsyhUS5+Fz0fx+dkVlGjb+d0=","ULkAub6KMBB7EjVknNCxa8FNkJAuJp0JfdRzzU4rMn4=","rv0xJT2+1lCv/CyZXt3YqD5vn1HxEky5SDi8+NUnfEw=","cShWy2oWC7Zmm4FfqlHeHBLRGCa9zIrRVJ43+W3usUE=","mQjIbmBXVm+gM7bjwpDHAb2okN9Yoet6ftaPD5UHP+A=","QDEFm/6ZZmd4WGOL2I8jr1wvrUh5fDxd6yDWjg8wDbI=","xJOJz9hsMNEBCOZooaRcsGIDGISmHQ1OawA11xQ8MkM=","WGv6jiy/OVT1zqA1xOHFhb7FGJXXBpMeJmwTYVsbjYQ=","1yPPHxlK2OVx9RgHfW7As64tu4zeFmx4e31oH1Zb/+g=","Ul+Szo6KxAnifEtFxoILUXwxVcxbEcc1ixW+iRjfKVM=","OueAn8nNGF+IaLa9UYDx8rvdNxGjQ0G+KeOKwi+bKnc=","RjJFzBHWMxfKKtsJpvWLMZjH+IQxEhYT7m4s2rUHiUg=","pkDhZLMFAfH7CfDw3zoFrVxcr8FxxjEd/3N6z54suWg=","64apRYCBDr2N06Gb4kZ551BvsiZPUV25idpUBepv5Cw=","RA60Y18zEfljO3vRtPouiwUSsijoyd6F01YDTVWrgvs=","3MmF7ifs+V2NWllCsLrlGy0GyyCSz33xtm68X4mFn8A=","/pD8NgezbWOD2OuVWMFMOH8sEMWHCZwEY/KGFuVp+a8=","vO+JO/X5nQ5/jfWmFaX0f+3Mbq+uVCeanvw9IRWHuQo=","Lv8G2chtCwO71GR/5uhuKtLQX3dSqpEslQCw/4o2Hck=","nRSNDz/vCHk0jSQF8XIbDCfOx3LNlEVik3I+vsrTZ3Q=","DpJwzrH1gtcWnfJH3iM/O56vX3peCchZZgJM9fko3Tc=","UoxEGdcKhRtrjw7vFCQYIP6i5WC882HNeeYNv6HCPt8=","7S8302gOoGzKlcKo6dqdMxtKRWkWiJIjXxSatW9VHxg=","2Kvn5OZAM2aexKxRtVEqJD1OqlrJkHuemEIYGNY2NXE=","m7Vx8APeu7ds5Xf+5mcOXq+3NmC39Y9zZkypAwqAxMM=","4ayfiIxaTjxFz1quwcsb56anryjwvaKtpohth/JYYSw=","23XTKsTuTkphmve3imUKfdKxLSmmhW5GZkr4L0e7K0s=","Sq1uV9UePuMsnzSLOrwaoaVwhxnRTMydL+Sf80U0UC4=","CNWDZFuR2nNCwru4lGMajWuO/i+rhddf7Py2QhKO2s0=","3phUH2bk53yiXnYs7YjbTSgj6EI+AYPWcrAILJm7oEA=","K5F5fSfdzqvfTHrbsqu/drnru8NNojITj9FEkOLwd70=","DT2CBfGYY/C0wLvQ8fOOij8p/x9axJlDA5OG9nlwNTA=","MS3jAFDjtuNpgn0ofiaGfigUksKnFsdzTLTpYMgDQhI=","R0LxqUSS9SHV2UwDNEexoTAXphPqKhPFmp4urhRfX2o=","ePtyQ9W+MTsYNn0CCMBP95kLwIR7JSd03Yng+P+5tGg=","ZalMIFZawFVjJUP7TYeKBzllPNg8AlYpcbxGWpvrhkI=","qmBJWqSXoxyGk7unUFKscsPoV042LskaS+UVM2XbLJo=","WakD4CmwIR7FZpD82KybR8v2OK5l4EtbiqfzUC/DLWw=","05M20fihaHAGSPK8aVjH6XuuJ7+3bHv8gD0R+f5c9fs=","hBxGI1rfqKT3ohcFPKx4bxx997HRsKLPgTVxvGb8BO8=","nf1DE1vZap32MHKs16owaSTi8iWuUlj0T5ECLe/HmpU=","k1y7EL6zUOZCZM0o+QmGxHVpiU1BmvhQN3wf4uvejEI=","lRQBafJUXxJUFM93YUrROpiYFSGHDxCxeeZuKtsWblg=","yQk1unvU3Q1sr/g0AhoSd3gbK1QJTv4Z+k8jwz/4PBE=","DZQDl/TfX/oTG/A3Fq+PRtg1xDnJxxb6sJXrqfdBjPY=","HBz05A9+hUDPgqBupPIIkH4xh8GPBZktT5N0Y2jrVIU=","94wW1g+OprBKRDayMTKFJDMi3myRgdHDmsMDSRo2Xso=","6Md8D9W6KHbC+N39SriGkz/PMG3BphIfsBGIBKdK+0c=","U1oydzHWFNLG7Nzv2N8t/fl/eGFyza4KAq9+qOv9a00=","8YBBJXo09jWrmJZvBw/6wq+dK5xoUDnNKVtQBptekI0=","QZinQ1+eYvqGjdKEZ6lnRCJi3MxiJaKcIO1fVIYjynQ=","9l39lxyg0XeIk/nRlXgNJmBQeKFLguUGiG13h4EQxHg=","W/Qv0nV7UHyN37XJ4ESc+SDVkbX0v5Z3PhWWfMXg0p0=","F5ce1XnPRxY1JbuaMLB2YITuc8JiAdwL3cZhnq1aV1E=","L+rOpm6a9x0LmpxBxAadWO8zsNCAVORMlcN2HAP88HA=","/LWE4uuoV1rjsP4rCmBKRxgV5uJLw8T5SWH4YUSrYj8=","xofeB9QbzDWvuP9DIbPBANGXsWy1nb1Phq+nLhKpqAA=","MkM1lpyIQhhTKm57n/MxJM2V4xT0kNH5aks5p/v5+qM=","UNoTJgtBonPhebDdnDYYYplRbFqLIunfeRe47zRAG1k=","pWknJGc1oc/9JN4StUyGK/a1A3qKs2hLkBUIqSrKDc4=","RvIk+Z4oQ2yIupqyKbKnbNujbtXbtPSFDUmKF4pp3S8=","ka/AohZO3suSQKvNGdwUpFS9+Xxiq3marGRNZsuEbdI=","ZSKslX6ZrAL3GDfs9I69J90x9H9bgJSP+VPefOG8gws=","/sfSHvwqcc6bHjIckEzh+r4b06fFcSDvptsH2q1ALAI=","JTk0ib0B1QeL1Ympq3s38NhtJWHRVeHxs8y3Szimt4k=","ZNyG1jPKM6asbZ6V3eU7VYVXltLqHb2QKPzKTvpNz3M=","QfI4nHAfS4MvjwSCWAnohcaYL4By71Xf/iPNje3MjtE=","XA28CG0E4tzg+GMG04sQypWWBaTRB84bMuEEFV13ULo=","VTxYEgkficVxw2aalK8x4IlXOCQCSGtxB7T+5aYMAYU=","q7UodMp1CgmRxvMlTAHqpUejQO8xvLO3wKVjV0wvfos=","yVin1ueOQjAtAF3twCatwS92mlkXDL6P/FOHSeHsxbo=","BICULXj2k/VU12ZvBKnkr3FnOlPo7VAbDzzR3K2F5xY=","tROBLezwrvaaeUZxITTKJqk+2obJUwU5LVWhaNocRws=","jKApIVuQj81OLKHtsmtP0AxSNqu6ceUs2H71AHQxwRY=","7KDlpqqWn9ZKYK14azUEww4UPn8gDCKt0nuPGGANiEA=","kgHikpHmylZ3RYFqQHMq8TLqzqfhsqlHbaKTdL1Vx5U=","HM6Q7tmk8cgis4/ox1xh4gbY6xX/Pz2Xq8VnhvDLP/U=","m3lHWnely6H18mWCJec7CgTxr/m3xDZZoG1f3tIwuXg=","Yk5c6sPqnSg3w8f1eSFGbEXL5Gc17s7JJp/0QEcaa00=","7635C9mDq99GDqWQNjZsijkXNCbjeU4j3IkSPM1ITXs=","64pqcscXUQIQ+1ABTIBlLIbmNwRPriuyqWrPHPICUjU=","P5FExh9gBJ1H+LEOqotD+v4QiwG7RUflClYk9YLMupg=","/DMQx1sa71rEBRROCYOjtegqSHrd0NPzw93F1clLdrI=","5VkTZ+wjtUriyz7R0oujewFnHEl1ynZAr/QUn05MKwc=","URHWbarmIqU9ESb6lu04RZoJ8APDqhxZYgmpblDcRhc=","DFjZodWwSZbphP2PopjBmQfD/gRYJh/5+8Y4LQnrvuo=","ehiGXwqU06NOsQay+6+cD/3+5zho3SSEAY5DLL+v6Lo=","+06TglVXwESmvRAFYZn7OLeb8LDT/ScZFO4szsfVCy8=","wWtdSAfnufkNfLH1zcso+zhSL0dnD58/9clzyg1LmuE=","lTUcN21nm6oHN6pX2z1rOjVckq/oL2YcjxjBHX002CM=","C8qyWe4D1yYPSCZqUgIB1sE1u7kSEpP9TmWJLWk0Dhw=","XEfRc/T3JUwzvywHd/xT0qIi/VLJZXK3x4JbEIWprzE=","9mCoA8MQhWLkbWcLaQoh8OFcrXAnnPQguCHUZuE8KF0=","BLKO5Lw4CZyZrhoGr3DDRrneetNHQtG5QPl7r9k9IaE=","OdHkoWMjaevjX2JQKrpShjV1vJsp+ODhB6OKijnzkfQ=","DoygAR/RYtjGKPgCm9YmkXZEBxSv8/Egqh9aZW6NvCs=","WlBPUL3n6Cfq1xHjpylegPcCVpYmnVs+UqFyaYQFdSo=","OQGTVMvfKsKxkHLnWwCH4M9D8JXDYh7TfxdwzoL57CU=","WX82IOg6oY5qk+vE+hUa4tjWwokvArYE+RHaTxhe1kA=","Un9ADHLOmTD4Q6gGetQkiNSdCut6pbhoQAy63kxSj4s=","0ZtPPfZKC/ZUQ96hi2yXtw+50SlnSbBptyYFkhzbRV8=","iJE3MX7EMd0xuaPgxYl6fCXkQgYpSN5w0hQoSC4Eb1U=","yiuUFlCCSiFl5ex60nWQDZRYtVtCgXmTWnknuCNkio4=","DmMUUUca5HdK0OzwUJJ9WxxYt5s5OusPcG6/qVKREA4=","yu0DOwNld4Rlsl6GFoAPWr0ruU4ufyZT+bXyu+uR2EA=","woTT9GJMLSi+x3NcchzuVmO/mRomQhiopcfJWJnDtO4=","GxYMHj9piZ3oEx6kckiOt8JnWIbco0BpJYV4ojwcrgs=","m+kyDgfPHcKlbHTooW5/TPpMN7mRe5FwGpbke6rLBp0=","HA7hqAZNZm1EvcJiv09XXgrbnVXaur2O+6PpAoMZScs=","iKvTgcL4GQprnp8vEyuFX/4TKLSZDt3fh1lps3b8Mr8=","Q7gRzcgBXpX6wP1F3qkg0eGnkiDbXflaRJExCEfZeVE=","wSGl1empKvktEEXDwVXZTqeXLjijgdMmNxGqmUgm39U=","u1NgOGzzCF29Ot6HNUeMuMKxK7KzuqOC4sWDydMrKHY=","jQS3qOtpe4/T1ezMeqWxS0DoQ+/hEayX5TriY1VRiDM=","ror/miWfTrAoDEaqTx+BT6GtIXcVMa7CEDZw9IVIR9s=","4kHgisKDgDrWKAh4UdqLlkdbVen/v+5c7xIGlCBhx6w=","2/UDYLftqL2NKLAoG/y292wc/tVBnHhb0HiLtKuNuPA=","FB+Djg3M5QUjzXAc+1Jf0acB05wJ258bVsA9kQQ4zyg=","gaoNw2sU99I/35aSQHAbq+ebgJt0qKGMLsysRTIuWF4=","S8k6H9Lkwae2tt0k74YHCqLa7eWzAoUkANzB2Rgcf+8=","ZWBQjFWYOrWIflaWlCzkTizv3Xqrp0YwMl7z4FOCkG0=","1f+mideQtm9bXxirUCHiIVVohYUutKj67t77Aa+V/vc=","AvK0QFKUb2lx5DxNrCbvvjkCAr++RLxlB5emo1lt9aM=","OhRFdjIddZGUCQmrXQ00ppa3nSKD8tMmv514oO0oHAA=","bBU7p9nEQvPkLHb1E7bDu/WbCgmK7Fn4zLEP/bpHhEM=","Zc7lpEBkbDz06Bklqu2TM2lL0tX2Zv37pFB7Vu4B2Js=","P2MSXiwLKMfIdId3SSXs19J+5UQX8FdAUuLy7ypFn3c=","B0zKcxbT8QJA+yjkjVOxdGxgrdL77vQZUmgu4W0jIuQ=","Ve2yQs4pclJMD4TN8397nxeRtrwYbnjRngFyycbTBEU=","KAkaIaYi7yEoev3Nwb1STC2Uhet7iXoX9VvNqTBZc+I=","v+1nB1cK2qLk9PGYk/sG9P3Sgi/flTxku4LsSCEgP5o=","Q8u1WoqRkZ8q8k2aVUaV2svqEhLlHn8l7X7pCCDITyU=","VJdP47uQD1H0U4MuAefJv9RgbNHDvGZvbWzqfL+vkRM=","fl2JXKBPkv0NTVINVPqOnZh6/JWve8H5IAfjJjKuaXo=","AMJfWSXook+UJdgK4D6iSLi39odnddw6CwGY2bzGDSo=","D/Wf1kZMZrZdHJC1qWiVVh/ZKo+hPq4FcKMtF67WkwE=","MWQyf86lkle/WYQ/IwzNIpR5INmbOeB6n1D/2GMx770=","FUdaaNgHAK7gGz+dtAp4QGeh7232x9tIR1uFE0waxQY=","uK11QjXBR843m0ipFlXyFEXpCg70KLv/DyZHYhYUsrY=","lsuj/honGORxxyrLUDYKFDhtABAY9Lve/2+knEMZNEU=","ec1OeODFaNt+Hh4xS5J3yI+IIB9KOmQAPnSa6p5NLgo=","IVKJib9Wk/AY8jdVS0KyjxSUwzanjUg4q5HG7533Hqc=","AjVeN2TBJTIhufZYEYWRlrmCzRC31VbiMCM+jZEF5XE=","EMt0Mx/xCtH910IG/I+Jy49JvM6IcRtAikcNAZS2qJ8=","VGlQgWz/OlKiNvA2Th062YTlGH8HFUuQ0497QXOBeso=","vIz1vWANvJSCjs8BZgdOfy8C+Ve32ZaNJiLSXYElhJc=","yyIzB/ytpdI0RVSPZxdOBFlvbFSXfWcxLxuKKqDdkkA=","IODRHshr0Q03tK+nw7yqJJiLjzn28qP6muhrWFq8GdM=","fnja7MZZf6ik/Gvjm0/YkyCtx4hYS4IQXQbq1dsEF48=","aAtp36y++t+C40ojUcKXLU8U204lKoZLI4lHp2fezdo=","RtrwWWJFiJ/F392lSyJ3z3lmk+3ZMdZMWrTlIbCDQ6Q=","X2Uu0qJHkkvlZw6Z5AqutJxsZOyusAEa5RP3IZf9yP0=","jCLZyTsy2uyE/VWgCdpXN+VB2VHL1eqSgCDNvb6NJeo=","4BrEXUATJQWyJdfhHFK9iJFSw1bQjapjSjK5hjVpVyg=","1QVLsFpdeAiWC5lvQpee3HD7TlGK19CY0cMuXlnxims=","X8YOfkANfX/iI7HfrS4ER8jSehArJVQbkn31LTTfD8U=","Y1bvDKhP6RzvIr8zzwpyexUBAdabHCQUOHuycRwydNA=","/0+PpV9Xyr0kpGNK/OGYl05hm1WDyTr+96wDH5+KVLI=","VIoPx2AOYrINSEOjx2B1NIEekeXHCgzT1NbQomCAieM=","3h24aSPzPrA75Um1DdWIfkUF6JIc+9DIAnXRUum4hyg=","Een8rYBklKhJkseMQtiZiLznt1sBL/xQX7NUghqPPso=","FMNX9RNYRFgWP683A6aXqGZz9+k8wo41YItIHCylyKk=","5/KiCtpRn+C8vwOMvM1jzZv7aj83MCqF5l9o2oU0Kxs=","iBK+11MVEUO0JYDyJprJPWcVtmsCbtBUpRKpMxb7g9Q=","Fu1nTvLVLfatr73855Tuf/WT4cWHkPU8vD+oly5lQvs=","WWb42HZ5HJGXfgNRZonK4nls4jP4u/4+xaAV8kkDhx0=","nB5jsHsWXxGXXHEiFz0ZX2KxfFeqhPqMnmwFIQkXxzE=","aw7uuGvISrfxzHbYHnZVvPoBKU0IR3QkCL1+yu/DDcs=","2FPKsYdyWYoDNfBUTEUOyakPmbg3E5ZmRRPxDxnlkDg=","DkRCIWFTl6MIamN7az3EsIoMjfJgu6XRZtcAMYQP//8=","GYY8Qwm/dQPdtxqtgVhyosrq0WhaptuKOR8KTGOBIj0=","BL+EKAemMKylBGdxmiANyYub5BqWy0Zbiil3iahP7Nc=","9SoG3xqQT62LAip28k0Btd+Us/q2hkN6mfOMNh2oma4=","uICaxGPFZVH8KLpconO8U2/CAl7TEXRez4dpfqBrVtg=","TbC54MwJEv6fnIlTnC1/L0cKvUoxWxoEzfAUDdnfbqU=","7sRBtNALEmkJXjAGbDOFtFhLusVmkj2FJa6VoK31Dv8=","6oLcYrBGuQn+ofwT3TB5ouF0WVld7vbkuzl27+HSigQ=","9pBxGXjIPvpA9wKeFNcaUPcFXgUBaDaSzErBvqeOI54=","WBAoryASDPLT577Gi6fs/m2UfrYkW53Z+dgUZZ8qnps=","0bb2Hihgg0UMnFB99WxYXFbf5qwhZdy42mf8tjGGQqs=","S49+DHMcYo9LwMAAU7im4tli3QrdGEztMvFQA2n+I+c=","2Awgdbvf64i2TLDPB4pGaBiaaveEmP7ugZOaCS83q9g=","bs0LMRCiagPpEMoygQmQcoxE+m2yj+TBXzV8Ei0k37o=","M1OoMwIURa+ZCJ+JnOllqeFIdJMy2Hwf/J8YUHzP12Q=","Df033YcMcsR5ghraGGVxSwfmyuAuGqp1KAOScXlSV18=","Ll4x20QLIzMDKE5lElUGvbCyVepp0WwaBWMPvU1ImQU=","1Cf0u4bhedYIwUjWfIpLlBFRH4Vq+ic2Xqn6pRdiqVY=","K3JQSH3zKllOVIEbgDyE9TA4D+ySwdrCJVfPZla+wgs=","fAYlEBz/bFpNGSydJCMkOnXZRIxlaGyJBn3dIB8VmDg=","gBpOsip2NpZQZIVRnGypYiwioN/J+eFuSeg0iMWg1Y4=","bvnwTg9Ooyl4ophBNEUzflrerHGOtg6vqVHps5VWFDI=","G7c/KconmOIe1tZsU3sO9d7M7ro8TJwQwvCL/AxPpb4=","UOz/ySQGunGkIW6UHhlCyDXsk1lnkpeH3uWnB3Pti0Q=","3Vs8qxsH64o9sjDu4S7KmVW3pf7Hgev+Yp7LcjAR2tE=","xle4G+TY795IkV+n7+N48NFqwaqD/hZpCpaONvymcZg=","Qx2kuaeII8IQexoucsb3BV7bS/Zzi41VfSGbceYuCjw=","ukNICDI5ZDxNHuWec8rCpxzqF6geqhpS/3T3cRDj+FE=","hqE4XMbhhhzK2VPA2QACilaE4BQXi+EBAAvIPsw6mGk=","+XF8f1r0tSjFPuHL6fIiF/rIvHmBmMKmrUVOgZopS44=","PVRd18Wk4mC58d8cafCR7aYFMyf/slHdAMIMIs3XDKU=","4pskavS9vd0W3SYrsP50BWWhDLUwy2xI0TW+aQidbqs=","jmcpKzvDZNUJGLhOvYW+/i8nfppfG6GcfZsoQiZWO1s=","38zWkvBPQsWPpSjOxrTIKYZ6OHS9nzaC/A/PaTQXrRU=","Ag7csaiv6Ui0bZFb+K2p9gqqDBZewqcZ2O6oy9gt7tc=","XCFbqqyrtfPzrzGiQblqQ3m+znXWPu8TpXod1vFF+mY=","JuEf1aEQUsJ1ZkQDCMEsy4abwu4+LEpIlWvSd8v7joo=","LNvTua12RurYqEL2iIk8mx4V1nUQmTM7AlwwyHtVeWg=","0XmeH71wBKD7mbmpowlrQAqXujvsVlnYr9azlsl/ZQE=","a12LbCma9yONIDz6ShYjmZuunsCC5kkANZ51mi6m2P4=","fK8jGkT58DRzY0A4gut3NpF+CoHFWLF5Uwc5LTz6UjM=","ddiFwsYXAJqzO0RVg3kmr6zEhzXVetHtBaUc3BKa6j8=","k3qX0OcEQfuBJhr9wOcZikLoCnjaaKiv5nHCadaQAok=","XaYPNzrTw5Hs9AoJhEyl+uoAR+rpDwomtHzTfQA45SQ=","DDdFfowSmqlfVEtHnfaXlWPNmCrViRr+Buzj0tg6MUM=","4kWTJ95FGK0VrIpqnERM0mlWo8Zrr2vlFZhB/ZoPB4o=","W/Tt4lJ4pxHJtVZxn/t6rX9il0Uf9KWJguZii64cd+4=","C++HOwq9KsxRJUBJs5wpwte4pdlh1OVeVd2SSUQ9hzo=","Ri/kJpAJyw3JGmKbsskzLEBeWsjCeyld7Bliejj+sOg=","bz+E9Wj0bJBS4ScGNxt2voeCmOHL3Z3cRRbn3yXmsUI=","VvT/FfKqSpep+RC4K6DCrkqkJqjkMhPyazB8iffPmv8=","Ky3c1FHq3M4xZ9U+nCq0Lrrx8gDym5Dv+hTIB1+vWyg=","9wyhcWu9o09p+pBQmHsiVxoDH/7Ipsu9rTm3bOJKkFY=","V0GenMdP+ypUFPNVZn10hNJswFLg8yp/nM8nUBevKRo=","vy/ujZCk23kdQrrhsHS4bqbhHLIecX4DyMebj3m/72s=","uCDV1ivM9bl07kDQ5uxmbzlT4IHLwuGHdbeQ/YivqmA=","yPry/WLU4uQtve7QPQwxHFLzp6wBXOZwOB2QciUbraA=","jL3Hk1bY88BD1bZpsueSrGtFQQ8wMIdOs5pejEx1JxI=","SKUjO1u41kROZK4aUFSgOpob6HTnfMLSqZ0XHZCwiQk=","qM1Tm/8xkPtHO9xvJ7IyYPKjnCD4a2/hjLOxGsOJZPA=","g7YxMS/Z/+Gwu053ykSE3oWH0kPtHO0JokPq7sroU+w=","TPWOEnECejPGsNWateXn6oqUMAbf0aMj0ZTX812LVR4=","n7UidX4IJaI2//DDX284iHQpT2Tpsqlb36ZpKul6aQA=","hVg1g9Rizad8wvlNi9uDlUiwJ+sH4SpFC/UPvTkVbFI=","9ttXZcDLVkhZiduCFvcucke8+B80PkWqMNt9yDqQ/hM=","V2M/PR9BZFL0D7WPkG7bBeQU4X6riwBQTcCIQSbBpmM=","sR/i7UTKzamq3ozlMJqOefg5Ozkl+yK9s4AzzA3SBxc=","ao2yP6vxkrRVCyiTvsnfM5ZXIF66CHgMroqTUnu6Ne0=","LOarIfaltcE5o3CuTnryr6tFGC8IH9q2GRg6VRn6M6c=","xwCcwU7xflHwAu4TL+ytqM4tM81nzBmNvxxH6FWtEh4=","Q+beiyiNGbiRu/rHsUfHNekwTN1NaO3v7YvIX9RVbRM=","7OpYgyDwCm+2vMP+Ni0YWHLnJ+6AUNjkYlMwVywb3ZQ=","GCul602C4CcifU8ShBHAUVYKZn5BZoSTR24oICffah4=","je9TyL932C8yApNteiTX7Pp8MkFKH/RiayJfKLXDLM4=","jcvoOem6+l90LHszDoFU2hWcu6ZrRWBkeiAQB0Iynqs=","rjysjAep73D5maT9xgbuxBzZiU8tN5ikmm7PonZ7FZ0=","IcHPCacKpbyli2m3K+1EPOFVwIMLkvtc+zcbRbJAfwM=","gw6RfvqbzTvIgBa4CfZmI4NrPFgruKC1wX97sCy1Cs4=","37HqjnTDasUUJ6MIfZqNWlZFhys2/F5KM94e3DWAl+8=","SGRCgJvF2lL93Cby1P1oN60VRcRM89kHv2zZMbDIg9c=","rR+HSTrZFT+ophu+vkwfNNPE4FCUEIVYrrhPlqDwJrY=","GZiKzmPcXQJgLczkXNTLi655QL974I91V4Ze5vyozzc=","0FCn8dUVDcgWfJKW8teohGMQ2VFJg4cowGRa+Rrxi2Q=","Xxm9nWpLrx5gxVKZdhcpozzzBOOAfRMPMaN0FahFEOU=","2tD3TXT7L4ZNep0PmvXvaiWj2znjbuVTb32ZvrPj0iM=","nRvUws1aswIXH90Uy/PAazKeiUBCTD2THBWqHYJrJM0=","T1HPWHCv0XcpSjpU3ZUj/7b/RR2xuhUo26x++lM5T5I=","3ROIQui9DG2r0SO4PAbgzUHFDaVAMh71IkzZv5p1O5M=","3sMv0wih2tDk8bdOtfU5n1OIMIoUCS+tHBXjOYtVieg=","0IT03FhPp+ujzDPXF9mdUUeF6fWCF8xzr6eWpLo0QOk=","eMln0eSF3u1ZVJmAlJaFUuFxuVVtnpQqeH3Y8rjr4PE=","V4sDk4c4VxX3i8qVV8b/Dso6Q2uRkC5CgxWJVLR5K0s=","XgRYm2FuQDoGoJZLYC0dm9/ynUjt1SHe/IJq98RatBM=","ucQ7iVsexVUSFdbrvT8Zw8P/Rb9NI7oUzLE9nAZPqzQ=","ltZLH0Q6vLdGHbPVgwbBgpbvk90KmYvO1XgZnJhRZSg=","g35RvNXwqriL85YEfPRlgR06liYQ8gPZ4cPQJtckvQ4=","2ew72CcvLTSCPjsYMKINyWzCY0FrX1cNKxQO76WuEHI=","5ogO9vKL4SsjJcPSXKnU0Aoh0XCsu3F2A9NpHreXq6A=","Xr2NpsaMrxeudcttTuM8nTmdm80mlvub9TnJLmH/5+I=","HCAxH1Q+bDWuf9gDBhTdEi4kB4BqDnPDj7UlQSBf6D0=","IPfb441TX3tbjj0sAIlJmJ+PA8HcEOHtAKHOQyNzM7Q=","39iDrOsOSk+rIBo8jg6wzvVmau+X+3hK72SwKL7iUFk=","IP6kIU7gy78xuMQmRsM4vwq51cQ0fi8fZ1Jar9UUPvQ=","x8djKRxNgF6an2Nr/iG/Hbq49UJAF9stDMXb8XBx7/M=","s9sSIKuRIGhz0gQLBuYknN3fAH97PcFWj2v/lvaGncA=","4PzPvetrH4sU5v9/lrQcJDk9YvvO7fq+fgb/LA2Yf48=","vAquOi9uXOe3CfUANNlvze3PBATcdRHRB/GMcSW2uYQ=","rwKosv8t/yKfvJuE6Dwl0WbnoX/vEQt0pIopUxEeDjo=","ZVEqvnMS/A3VDaceTspfW0jgkoqwdqZexSjd2gz8ZaI=","aXyfWqrqgETZ8CxIA1+PUkerHgC87VhJgEgxDiyhDAs=","Db/CcaoxbPJ5vYZLLnxVHaTaa5HlKRfpfTL1DUKXKvk=","YdixY1Mf2JM+6ecEj0jA87fvPYzQINT6hNs3AGfkqf8=","74Pz5fjR+lejOVZBhH+L8v7MAaTR619dAyHo5VQ/ltY=","+/BJ3vEslaOgJw7HVl+ONq5gf8b6UBFSY/z4+Q3ZMD8=","KbtNkUagR+1rZ/Yn9u0Y66IMUTtYjMKPe/WJmht8axc=","h2O9VK2EcEbJmSU7OuI4U5TlkMsPpf1GzN8rys5jKXk=","svutvNGyQ7FGZu3nw7sTSN3nPpu2PkrG+cUR7okj+Bw=","HORDm31URwcmb2rMz5VQHN020EGVddKMJV4JkgnU2u4=","5hiHoATIZ8i72+E7rTZdMGu6pmWqHciKHl0TeoRXsVI=","9uuGwxnEuhSNDQBDfrfNA8Td/5b5+skZjy2AaxCAul4=","zkRSY7pnZCwlcp9D2MWu8DX6c9T4Z8teom1ndfCUek4=","YtZw52SLSF91PJkiyUZIkpvgfZuJ5bB5ArrWaxR8nOI=","sCjku6/YKFGTqi2bjHjorN1GWroZKzWtZu1Ug4M+EZ0=","bJM8HumSE2lOeGm+s95dubkcDNIs2IY5pyDN8qGRSUg=","9Ihi8gfyRvaMEchvv9O7WIG83kxG+UA9CMDReCPRiUw=","ivyB3FYIXkSos1R0fOYGw8vj6+6daaA7IlP+Df8L4Bg=","Hhh3fp9PsXi/RJs9yxd3mp01V7h/Kex34xD+wvcLSCk=","IfqnPlU7xzlwxp5RWcyYKb0diOunzLt0Ihv0hngUUjw=","KKF33ngRYlbr0DHp9RjfUoCLoKokDiAzmMcnnb7U2Fc=","bwuAeFXaXi6SXe86HE8E9x2wOS6TCM9Ndq3pyFHCSuQ=","u/5doDnJipIzRlwp9RZaIgxjq+dzcEYWojI0s/kzVfI=","5CcPF1W2cibAg6EorQl9EIl/h2Fkwz5bLkHOwbzov+8=","hMflzn8Ok/RsKY8AUBdwYMYJVwJK0ZR1JOHD/C8mixc=","jQw16iVNlIqAqLF2B4gbgLuGql4HwfI18xXce3qcF7s=","0Y6J4aqKoeM8jwkLJCeAcWAB6efA7Euomm+C9ST0/lE=","dK+VJN+69LIMJy3EGSFmts5nWN7lR8Yq7M53mSpkWCE=","l/GeryYySCqYTbuQBuDjFshO3Axu9RqP43v8cT/dXAw=","RyYdkj7p8qHT+yuqKzTaaCL7YYQD7cz1My+iLwbgJus=","e//6YfrGiZWimPH4ZBV0hMEvdteD+Og7VlkjPf1g6jM=","wN/vXGOQAVfSQf8DL0PmPk02rVQmfsMgmPequ2e6XVA=","LwJI/w2mKcDzkGObyh8r3wkqMvhCyoIlVELgl0j2Yc8=","xXNEKXlIfnBnljD7gQzd7RNSS+ghEzriZ24kmkRWfRs=","zaB1M3I34Fj1oym8oSiLXIASnSKuB3LqHxTQusRqCXA=","tdmD6acBlLLnC5wTwZqB+B0OYaGkdtOWiRmmfJOt+10=","Sfn7KN1ZEkCAscOl1aCHGKgy7Fw4Wp5u3HpjlHWK/50=","+z4Kj0BTLvClJt7BNgRdpoVEmd0ONuycZHoRW5hd6os=","lyjIjuTktSDbx/dgI35d94tbM4whCT6IRp0bpsyum0U=","C1aIUBl6r0QUWxzpoCILujQEMF9DM/+TyhdTG2Kg3J8=","F/nAnAMJP1423ds65Ro+B0w3H+2djFm0uA8mfsYUVNg=","ULF5m6vtHL3HtjQIFUNu0Op7GqnUIrZkTmrDgi4x65Y=","G3/gic6OmVI9Te9LwW4uAqdUoaJZ78Rd1LO+WITNvXM=","7MC4W7io9/2z6EH1sfCiDFbu3IbaJFUctLeAfQ912Lk=","KO+v+W/UNEMRFTJ9Wh7jBs/USXdoWCGBEzquI7ro4j8=","CgUSaWVyGdg7ZG4Ugry3C1D2soDXor33oJJY9Pn7QV4=","ZuSfN2OuvaPbgTlSODfxYWkbgl8oTaUm2ok19nNawqw=","a4MmCg7B/DQxqzEOQUc5Fi5X+mLVQiakS7jQBQA07Ro=","vo+LL14wKt++c3yb+O0Y7NH16o8PU06oMo7PQK84nvo=","82zWWYH1CYwcUo3+fW/z5xsZC8Qh5BnqRelaMW94YzM=","n2M6wm8bHKxz+Z016u1GG8A6vKL0t8ghv/lOaof6ziw=","9OEMyZnV4imweyiAXzEN1e7E0CkTmYR2FHn5eTDLsRg=","+uI8mspGeAToRElfyH/YTh6jp1fkTXWQMeFGHQ4ir8s=","qBByTf//Ieuk2KTPAqVPl5aYPeeL2QaDzR8WCNPVbE0=","RH77G5v0QFqma94oAeH4fYiwjjZEwtu3bDXJcpGGP1E=","416LqCeCeBF0ACzWKATGW7GerJMlNAs92qfyw0Je3sA=","/GezRfqzBgd5Ofy4R0CRC4fvuPW0EL8Z1h2oKaHzaCc=","XG3bGm8i1q3cpLWoWeIFgJYWTn7L+Cq3aJq0sVz7UyE=","wu67k38tzGN8zoclh+axTHT2wpBjizqsfdi3vf+mLKw=","mYtT9/uaD7VxUWY3AgGxPHHsKAnBALeoFWppCbnDhyo=","vmpX74Xbk85i1iRVA/r+NHDNTDjZrL22Uu0TxzO0NmQ=","skIxod6k+NBSVpFLpxD/BCJqe5JK+qSvSqqlfRk9h8U=","95bL2i0NBqSZ66UlDxV+n7CGyboRu9W9Mzb4iMNFqHA=","jlHDltOQ3iehJ/+yaWhtG2lcjcKlSkfFTu1kSVASllM=","LmOUKjVZgQNLgRXkIXYgthbumdypgunGYgDyrdLE4aA=","vSR8636tVPvnP+daUu8CgpwPvDKVOc9Qjg/ysAUQs9I=","MCffS9/i7XgKQrobYNeBlHP0dC6X4uiXZsUOZHPEz68=","0bqkpECq0EjxdZmFQPlwmDlq5Qxbdf8DSX1w9za1OeI=","i89YAUQhITSe+LZbfDbcqDc1cGpS3QJ+ZnjUNr5vQXg=","q1e3Nu40saV4Lfc/TItBaVglCHAM/E8tNXeuIq4/+ig=","JCcVI3QiM8+8gslpZtIGptOSH5LCf1fx0YAoCyQDy6o=","D/a38JSOo7UGzL5q0fP4EMSjcrhkwP6KsYd35EuIvzA=","PWCfGA5VFSrU/ff8+u/XdpVkvSuIcQbIUPnc9sjoRfk=","XMEKp8WtsF7jj46ef4AHRmRHMGRBhHDsXbdyJUZmeT0=","gFkpExQCRK6FCMqs1pkwXouddvwJ5ng8g6eeJQzaBWM=","b3RqyLLoxJgLLWr6klqCrMyidMIgMNV7SWIEhfvybcQ=","Cp/R5tyN04Fiqr94H9AodJm8d5nU+h//Ddq6TMnNCZs=","5JE2fQUOCmHAgPUGHXlcZc8CuG7rVRF3j0FuKjyFFB8=","gkdOjPPkhkHE5DkGlZhUKF4/h52gRNrBRkx4tqFwUgE=","Ueqq+4TvWh7jzhCpm+cRPbdI4E0xHW36ggQkgQ1QheY="],"block_size":4096,"path":"js/devpanel.bundle.js"},{"block_hashes":["aNiYRwJ63R9ZxpVjJdQWsVrEhUvKtCs1St234OQ3IxY="],"block_size":4096,"path":"js/devtools.bundle.js"},{"block_hashes":["3O4G3SOMWyrQ3D0U2Q/1LChVflId9Tco75+mu6BfPuw=","A/j1VT8EpBbcvt4IehhEVtI/XLmOf9Cx+yIj2b5ZZ9Q=","feJ4rG4gEuvB0dOcNv195wwGIPqPSNrUlUp5IYc1lAI=","vD9niyAx3kYkrGCNc9lchfHcsF9LdffE10zvbNABV8I=","5opMEphd+ZLSk5IFwnvM/gYjytjeDFo5QnngLYKStX8=","xwBu0hI44reicantS1Pbc1cNEw+/pbwtLEvMuxmbsFY=","b7l9/bCyrWdF7xDZmhUKutS+ScxBVCayk3Jnof/b5Xw=","WPB5eVWiQ6zJ9B0+KCtdFrJakjjyP0h6WJ5ZnhPuAtI=","CeeWfetw8MbfE+y+vnATeIvCTB7gqgSWyFfqApzE9jc=","E8i6wzDHCaq9uYWljLa2uRwwp6luarAwRLLanOPU+RM=","8M54tMpAOjojU9tgB+rcd2kbBTR0Ke8Q4cChCOmqDBU=","/WPrJaVP6OMxLuO1TzCcbDIodAGrT0jDSbr8Ui0qxN4=","BYLaaqDIZU3VZTdep8HCi85GX5R4+UFL55UV/xwSCK0=","jYZqIdXiOLNCav9QZOLneM8NdccAqb6E6Mcj2jp5YxM=","lTzwkjEY+KBH/kiPJ/s+Es7XR5AT4W+Hi3ljUa1r9WA=","RDRZNgATx3HXXYW4Xt3xAicNspplIzxR0zk2JrpsISM=","G1HVuj22w86jWBYaE9hN6IAYdAxNC5pBb2mpR8oIlCI=","LbVuv9lMj1JzwnR/BII5y2X9HrKS2m5XmX9x2n1H1bw=","00WRw7BCVuYwRO8sxU2P1ZWf7CPUa+vpbYZNAadE6Xo="],"block_size":4096,"path":"js/inject.bundle.js"},{"block_hashes":["O40t2IIBPto7GZwpxihHDgzB4WoFy1kBdAmG3sWJMqU=","POcFGxTc8Fp3ttMBBY13uLE/jxfL9fzSJ1SmgCvxvXg=","0vt+xFC37tWmpLacehBQSJNZQKAAQURF7mbwkF+zbEk=","Ah5OH4yP+qhJYOAr1nM+wHTKtvtk2kBpFVxWwTdfSIY=","Y1jJrnNvo16hqjku9QwMTFcqGAjdtsl7xBwYYnA8GHM=","KZdeWcSP54dXoStTCGh/4glNvt7qfTzruITDtLhgVVA=","jaKJ4SX+9lBubqbGvcV9F+1v6RsE3QZBb+zm+3TYCjw=","rs7I+ZDgEAhEzQCUVvW9xUxQlGAeTUlbjx4NjBez69w=","Dksyuvj/b9nogGf8fWQk4Loxkb0GNFWRL6K/17GRvBE=","shzTBjUhPmrcCBEASvw7ma4vnFY1TlQX2dLlByvFQ9M=","bvAoST6swwWBhqiG9l2DMjc1Yj3VfhLV5r9kjilYECk=","r5LdsU0UJ6zA9ndOYwnSdXnr6ZANp/f+wTnKztUSM5U=","l/WbIUhHk4wT6QvodV1lqtUy3slra/4NRSEtnA5hHpg=","OKSmDdU53VnMk3Ikm39Ej/YYyT4wqarUcpqSOFPOpNE=","24aP1MbH/+eZybiHzNcb2uG7FoRNxQ8+LXhEUkCUwS4=","F8/lSXSjEq6jSWxOeLDcj6vgMIyKFEufkJSmjDKX6Vo=","eu6sy2EKQVMmrftf1SvK/8fJaLOMihqCUX4LCON0OLY=","srJWPikn4KYvGEMYyUyUhs1937wFND7P2II47Wr/BOk=","28FXlDM00IV9YVSXpqu6mrgGqnMQo4uAA2fa5xGQF5k=","8S1mezRVPEjk6SWIeK7L3cIPI+mPMxd/ckExaCixeq4=","FSKzokGg4dQoPUVdhj2ayVlJrfjvqV9yEU0eAwOfE1Y=","WBbusWwcnSYBa43/g0H5cSVJP+JCyXHzLkA4gzBpDZk=","o0e+Wa4jIUBDLBq6vym5cn5uDFQGCmTYioLYFnehbbg=","7qGVQXHybzZtnGyVMmACESCDCA6wBIpwKdQATBEivTs=","+MNveMMDFeURVyYTdCD7Wi+xicr0qhi79bycPzbRwLE=","2Qyq/eq78PhXlZlbMQ1Vl1v7NAh1WXgJU4lJPg3uA7g=","eErQgAh7bI22TwrVJqVFvTEkLFiXX+7L1e1Wu/dwvk8=","hk0AdMDGH8lKTNUik+0E6MLjEHJHzld1Jifeuvk0nyc=","YCXXdoMeiHUw/+vkgoEw0ftrFogGOhEeYrORCRcf3sM=","gDls4JFC7lPbQrKx2Pnp/S+5Y6RJEvTwlJKnquPfwfk=","qqsyUmut+OFokjBWknj9WOYibwBCVmmv6EBdRoDjsyw=","uHoJqzHU2ySQXKMHlDyguxvIPxuNtbU/0ZM7CNRzkiA=","XikY3vBdvY/l84NkRM8Ba6TR+B93uChWfVilCYUPxjE=","3ol494yCXPIIOmo0Fw68Uj5J/k5v3H7f74JTESrO7+U=","DOw2s7FUJBmxcSpQWRvI+GSSvBlbWora7KjTDNykdPE=","FmRfbrIO/JxKhMvAr+6Tww8Vq11BObE6lRoLjcty1eU=","ADYRa2H+IfGTeDgUWBIYSHOcP1EFBcTC5j+EE6MNfgI=","bwF2oQHCgMriBzpzsVND+e/2wvwkhdXbgUKpsTrdkFE=","0UnMmSgPmVd1P5XrXuJBEFi3grhBT+PuBSvLUpTHTns=","avhX5KN1kuVCFwROhyXhuWBO2vkK+FyY7+xY+8a+lRo=","lKt7GapQ0JT8ZzwRAHUlN2GyaU3c0yAdur8Y+iX8d0M=","+Y+5MVCIrn6hCLzIh6SKuPnORXJGa07ITy4oSDXIS2Q=","aDys39q1PeQ6B2MfC1t9FkbQ93xwL+w1C+BKQ7C9fGM=","gAiTZ+sQWO3PFzKQnzmZAQG3DTnT9Q2NZzCOVel9hs8=","5lKLrRvirgfy7gfCWAhcSXXVamp1l3RcYUVn4XHpQn8=","scT0Y4zlJ7nUsuWq6TXc0v2awKD6oz9yuJw40ChSTLA=","pBQGd/nvyNvQmCHJEBbKJsQvZled+oO2ZCCCH8rzs2k="],"block_size":4096,"path":"js/options.bundle.js"},{"block_hashes":["HBhlDpNPpDN24uyL6S5SIrx4M1qPQkc1VXB1Mytxh4g=","hzrp7O6UJQmSz4ygsTmFVGSyCM74pf5BdrLu637Ea4s=","QclnK5sxw0ql+2ckBS84GpLhX5T1DnlS5tSWnq1Bo18=","70in+7SuEwFKI0CqoDesbrI//+rc4Y5fEgPlDK1JWWc=","OF74oOpqYb9J+/8rm9XRHpCaqwqln2n3PX4yLNnJJ1A=","MOWZ0QrCJU2+sRDfa4uKhnoNrFDRPkdiA6Xq6sWRdnA=","gts4gjmw9Ev8aY2LJJrTmb0I4td/3veB4kMS/LnPGj4=","ENx1WzeQx/f2RsMviosW/Vcije3OWfiQ2ZIHZsK1cmQ=","qW3pmzmpj3qlF+5KDSY4+D07ao3uIo/lXHejQBg72KY=","MUBBewd3puexsRRtdn2/4Yh+nvgr38FaCoV+pmIN3e8=","xORKFhBAm2j6JJ2jP2Sl29P59T3IEHj2Qq51Nu01USY=","1xW/99eK1a2c9P8R9p8/CopW2z0TXN8smNU57WE6lSY=","ULZlzQnzhne1skAT+mXKRRAILt/td1mW+k0MfbQxH3I=","tW3Tx3mDwdjHXExUbo2d/ZCXJhUYLSUKIPt7x4Khwgo=","ofUKIeYCaTkl/PQtunTC0UvL6EvbeKFfd/4/gEJxm+M=","MFNzACSIucVYtU/JFt1sBBgYppE2Hf05iGQeblqD5D0=","qW5JYJaHudol5dI7q6bpk1CmZNWCBWdGDu/eFiAEkl4=","e9gZt7ErkolmJspTKFQVIkllGpcfUCmrvmOVjmtJPF0=","0B3mwloREug8Zi0eDypPWfbY1S3MGPY1YMAffDs/N9g="],"block_size":4096,"path":"js/pagewrap.bundle.js"},{"block_hashes":["3O4G3SOMWyrQ3D0U2Q/1LChVflId9Tco75+mu6BfPuw=","A/j1VT8EpBbcvt4IehhEVtI/XLmOf9Cx+yIj2b5ZZ9Q=","feJ4rG4gEuvB0dOcNv195wwGIPqPSNrUlUp5IYc1lAI=","vD9niyAx3kYkrGCNc9lchfHcsF9LdffE10zvbNABV8I=","5opMEphd+ZLSk5IFwnvM/gYjytjeDFo5QnngLYKStX8=","xwBu0hI44reicantS1Pbc1cNEw+/pbwtLEvMuxmbsFY=","b7l9/bCyrWdF7xDZmhUKutS+ScxBVCayk3Jnof/b5Xw=","WPB5eVWiQ6zJ9B0+KCtdFrJakjjyP0h6WJ5ZnhPuAtI=","CeeWfetw8MbfE+y+vnATeIvCTB7gqgSWyFfqApzE9jc=","E8i6wzDHCaq9uYWljLa2uRwwp6luarAwRLLanOPU+RM=","8M54tMpAOjojU9tgB+rcd2kbBTR0Ke8Q4cChCOmqDBU=","/WPrJaVP6OMxLuO1TzCcbDIodAGrT0jDSbr8Ui0qxN4=","BYLaaqDIZU3VZTdep8HCi85GX5R4+UFL55UV/xwSCK0=","jYZqIdXiOLNCav9QZOLneM8NdccAqb6E6Mcj2jp5YxM=","lTzwkjEY+KBH/kiPJ/s+Es7XR5AT4W+Hi3ljUa1r9WA=","RDRZNgATx3HXXYW4Xt3xAicNspplIzxR0zk2JrpsISM=","G1HVuj22w86jWBYaE9hN6IAYdAxNC5pBb2mpR8oIlCI=","LbVuv9lMj1JzwnR/BII5y2X9HrKS2m5XmX9x2n1H1bw=","00WRw7BCVuYwRO8sxU2P1ZWf7CPUa+vpbYZNAadE6Xo="],"block_size":4096,"path":"js/redux-devtools-extension.js"},{"block_hashes":["5/DUZ/06CboAwH+SRJjo6AqB26k7KhQemii7dAxTbEI=","b4GxKBOrztRkRgYOnvlv78vIZ+348CrULEP2FUB7D5E=","aNoAmlfzEKpI8S+jia+9I2o6FZMIV3bNNXZq9LQ4VSM=","uYRunyhg+c3P9nQXCeWAGtf268ZQcLIErbQzO6eHaJo=","7/3k/Q1MgNtxxtpIjCl1648Qcszt/SMRG5OptUVPZMM=","K56CjbaJa4lYchlhMKTgKnFFRDSOG1dCWkkcU+w3kiQ=","u5zA2Rju2cYgWZ9OH4/MJeAB4xy6SjQ4y7RHxOlu1F8=","ggHIx9ov8bdDo2fD+RUTEmIyfWJWRbA9b7mPwWuki88=","ufngnoelrCz1aK3VrT18MYUjm4Jcs+zLrP6Rmyn2Dv0=","bB+WVvgP8zjCwdWroZQFDtYoboAYHW8ZNBXT7AAmA34=","5E1JazvXRWZv+a+27yqOhEZvdShoyyp8OHwU4SzCNTI=","j2QiFZ9tltOX1kim/o0xBPbOzr1SMH1Rm9LHIkvF7g4=","D+aEpX6TS4nb8ESaToChS5Z/3l7SXPOjjHyel/zzuv8=","Xwe1EK0Y7o7GLjQJXPEw10agsV3MM4FZVNgOwnWmieA=","P51g5Cc8F87TG4ZZmFkXjfmdIXENzpeam97FyyL4luA=","5+riZ9dOqAEjjlEIrHxbvri6A4+6Rpkxlbff3VrEfwo=","rNiUak3Z8bMoJxDp4Z5L9jPREgGUisLu1qdVa3nrSXg=","vNiU/Bv0hlB5EPZAEjizhhiqQh5hNPGLddKPt99bjS4=","yZdUyO3zd+JlUMJVDXDbfe5kISQctuCPRERCjAqLdEo=","dKfDLwL9dR5Vn6Z0Ti97+hOAjUwXnRLFuzZwHEEbNrQ=","ANglLFG7kaI/t4ixn1uZCFtYX12wo3WHoC9nNjBymys=","B9UM3a1o4PFJ8qSEWfUBtWYmDNYysXvr4QX2FXL4+TA=","91Iz6bz+bRe6ysAZD+xzxygwDzhSyJnGA/GhRAJ+hrs=","B/UGths6V7F3+Tsy2JMsQ45GBwrnOtwlBUO04tO3wdI=","VagxNNyadqbaBxQVQkF0tOuMWoHFAD2GaaJqXFX23GI=","RVKGVC9P3HXxoE7AJvO+anwXsxbjvh4/nf8gzKr3YGA=","osAvH7Gp2NPwqkbzOZTkitGEuiyo5+V7Df1tjh3M3nM=","MlDKVTSJr9fTXE6bedGl1jKnpuvSmDWmf8m9L+mJfkY=","lKc1BHn5DWFUez4tJBB4DyHBKj/P/FS33RxH8eotLa8=","UbH2OIi8YgnDKRXSrrdFGXsNRdkH3jsnyA2X360RrYM=","uWKNxQ8L0GhAh7h9Nhsj4hxQwJ3QxZhKh6rOOzDJYlQ=","mKka2DxT6C52UwaLjtK0E6SFmf0ZXaf4/zhgFQ7pAys=","hNAsbuuxiV50bkNJbs6vSCnUmGwoOjqb5fLEIExXYRI=","6uw0sSrm4s4JqOd+UI9DEpqorOO4jwt347eIzm49QW8=","71dl9px39pP3wVHnroA7m1Fm+CYEC58Or94l8LUb+qQ=","sTZX4UgVimR+E62JGUr503QVHcclSmh2zOalrqZHolg=","F4saT3kFqwIPwiVMABPPkMlaHmXMyFUUieWPudphI+0=","0j7JBvwkJl5JRkzRUrXVOrLFZmgikPX3FhbxbWACB+s=","26xYaz4Bup2BYiky0Z0XovbcACn/DK4pXMcnfBG7iwc=","6DgjHOTtNT6kUGJq9u5IaTq07EU5rrQpBAP9RsWyNxQ=","X9PlkGjQP8CjJvPFEvTEfzmzThAwH3uFVsbKg85wMKo=","MoeTLbdQNEw7frr0AdSDsS0lsJ6DzMzfHM6JXnCqf5A=","uPEBrnn/lZmttEhZClNVMeiIaDszVKq2FaLmk3bLJNQ=","vOjc9odNmVK9thAYFzCfgDegW4tSAm9w4RVutyPwwjM=","vRI/Zuca47q2E80dXUSZJJdiP1wOgYPu9X3JAS83Um0=","v26I4F4upj9hXn+NBTcweG2gLyoRItcn07Jl8C3+Jr8=","iFtkS3ZiVJFMDT7mlQJqtgI4tTIXygJB/kjJi6Nd3Kg=","0rfhwbyIcmLZZkky1+Budf+YUYTYuuOfgLmL+V9TAAE=","FTlL0dLbq/M9Q4F1/jJ5CnxfTMFv5mKjuFSVy0S5Irs=","hwbZYJ0T39zpcs0JwuuTyyAlAtZh17/W5byI6BiW9+U=","rfb/rCVOEUVgAehl6TwiW4Cc74WFXznfFUK6I84hJWA=","haTLw8aR+g56G0xw9rX/0/VhHpEvreeElSJw+6tevuQ=","QhlFIdyBQYmLQE3d1+4CwjgmECj46Ypgw3u0jO29PUo=","miiBFvSN9xJmkBWq0uRgYzuSY76d2Jr0Zas2M0nL0aA=","77Py5Avg4jCsnmKhoQPQesKqa0iSU44rGdwzSiYwJ0k=","bAuED1hGr1gCmmnj7eP9xuG4yiDOTwCzMM8bhX5U/R0=","yvzzUxtE4CUCzIBLliCD4Bbllwyt4Az+fhdvgFZRHRI=","AKvVg85fBHcoVqyRIlyCqc3BfnrKnG0ZeQ4DjaruBOI=","yZScklRtWNjo5D0bS8Jkv+eqLA3uyW/+S/JFI2to0Q0=","0yEj1vBdblGvITBXSAY+dvDmEGhU7XdfPUzrVBkvTvk=","rv0xJT2+1lCv/CyZXt3YqD5vn1HxEky5SDi8+NUnfEw=","cShWy2oWC7Zmm4FfqlHeHBLRGCa9zIrRVJ43+W3usUE=","TNHRcnozxlQMYQMnqeiYLJN6U4vXsCPNc608AyCQYjI=","aKraBPpXsmV2Uuu9Ll0yhsjmOQc3a7kN15PTfm4xWKs=","McPIPuy3RBNnW3KAOMMsuVb2FVi2Zw871jXoe1D5eeI=","dh5JFjlSPZnaFNHwlrWpXofMEPnu9yHbhONx5VDKCTQ=","xuH8i+pfjHrMr/7Eiz5b7ATQdFSFppkRrc2U4se6h0Q=","HAXXJysVB+lagE0jDAGGrzKi/VIUSZ5QPDiNMBPlOa8=","t1J3THI7Zk8aKJ8M8YgLV0NYLyYw2kDiVrOrpJy6Zg0=","+iRxkZ+6bS1taT72viYgbYZrlueASNZTlmB6SdTrjpc=","asF+u5NhFKGp8i3LERplOZBxEJ/lumC6lxUHYjAQ3Rc=","64apRYCBDr2N06Gb4kZ551BvsiZPUV25idpUBepv5Cw=","RA60Y18zEfljO3vRtPouiwUSsijoyd6F01YDTVWrgvs=","3MmF7ifs+V2NWllCsLrlGy0GyyCSz33xtm68X4mFn8A=","/pD8NgezbWOD2OuVWMFMOH8sEMWHCZwEY/KGFuVp+a8=","EVpy+elLx2QfeeO+tlEzBs5FTh1OBokkPvy/JQlhqMU=","Sd8eD2BPKU0acotaGffTIy3vcAPaz1GDOXT9Z6TsMa4=","Ld/sD8jS7hDUxX/6VIczvCAhIQz8IzqY/6uSkkWqxHQ=","9iTuP1X9qYnXiQVBBJdDqk3LCuZIX976JmneSqQqf1U=","IfdQjWaeI7nis6oOApNDNOexdP3NIQW2p0M57/u78p8=","rw8zOzzBLtTHyVrCmnCbZWF6yeP8MKYvYoRjeo0bZag=","sw5D6zhA+3Qh4Zogix2ORhvtOikU9RsyDdkAnNTCm1c=","leRMJPZVY20DZ+N/Xu8/xqLJtU6CpUO/PubKj9Zx7qw=","Bqy543gMKN3kEKBo3xUFeuo6+tMVriMHduU6Yz62YhY=","iI8VyCn08C4WTDA8O3aVQ9tgDIjUPB72c4HlvYZGuB0=","O7pM75YlCeLjMRAMdrLLD/O8lt9DusgqfV8kUXQVHqo=","nLt923I+108jaF7ANpevySf1vc3WDloy0J0mVvev/2A=","gxo2TF/3RW/Ef52r/cZPCaDTsUdttDA7yhsedIJ+eKo=","tv2piuzP44jEIeY33G1sFOsICDeWO/+DAkr/FtZgd0w=","xpN2gvFSomTbzOEklbVe7km6thyADIyYy2j2gvImaN8=","lieMc2TRZqBnxSzgLQnl8c3zEmmY/uCCvdXkn9FyYCQ=","fyiexWmdMI4jmNiQ+Jpeca9qf3iRoFHK/AoXf5DKMv8=","DPUGMcEr7EETHtExG8C7VmJzhKLpQquElRtHB0Q9O3E=","qG5ttCjlha2TIiDurGSX9mJBt/8NbyleAEltLBgz1aM=","WC/F+emqEeatU71twU4xXLN4FQdVBRFXaTbklSvc648=","9AnAH2o6dNFMy2vVVTfp0gJy63CFIsr8tLEL0kKK+0Y=","ItHVBJTmwATXsMq3tAhTIBS8k++QvEEMamLTcOgALAc=","+HwdSUcQkRh8hV1tTjLtttcskGFOleKtFkDEOEA8aQ4=","hVFdEfCNoevKOCyyLFuctatFoCOguxKrdhsbZ6oqfBo=","uORYAzMsDEt0CSpSS0EzjQXtb3KRWL20e+S8ZMjJ3zU=","G3UwMU9F426s9PaV9B9vwAqPfQisOvFWtg/DLO+rxL8=","8UnfrSbypTlbNYqw657XhjBVlgFCioeaf4ZL+MllV7w=","VQX9e/g0ZDqZU1ICy0gu0MavuD5mRxG+iBaPM970JEo=","WNS76Jjm2q/cq8bAs8UWIpxUpv4ajIsOSHIszKgCWik=","++VnQzW+lUmGQzDPH9DbvvV9X7ThXCG8QLp9MBBzDBI=","9C4eBNv+Kss9gRUzAOFXJCPQA5jZ1sCXa4wnELBhCoA=","l8WDAkfvbv8V0F84V/JQ4XBMszt5y1xnKSxQ8a2t38o=","lEYtTW2hnKs9WOpA5V0xKXzc6NXBSnePL7uyzuIaD4E=","Q0bf13v5uKc2M/lB9vPMHG3JUwoIIKalwCm2WSDPOq0=","sNtXopaaMJOhvx+XM1a5qBLDEXnCXm9XzcDuH4yMQFU=","bkARgQVJYrNUb7K1c75QFFQbVIuyImkOQRL5yM+3lpM=","FJrtvrecrsyf83OucGVFya48QM/Yhwh6GbbSrZ/BKTc=","juP5Ot+59o8nb2wgb2SYd4WImFU5RRU/d1lmKdMfAs0=","QxVnUv3MmGF5VVL6T41t84qsnbMRo0y7yU6xzgthq7E=","hTURhKStQtYW6vH4GB35zhcsSFoa9NgXSAfmK5UAdyE=","Xwnd+IXsXsZEbrbhvTQwW1826y1EqIVCbr58MC3WTyk=","oUW8PCwt2jFw59t1SZkr0ZWUy+4jKpR6Lv6yiW8L0Ds=","wVQuhRmvGCcRtQmGDkmIU+/QkEibHCLI2kJhVsRxf3Y=","7GuCvcCYFDizFP9mNoTumbXh+QsxsIRLXuz1lWoURUw=","mDw2WuCBa6a4KXTxCg7cy+JV3BleFTSd/dIog2EJwB8=","pEnun3pyUZFDhBTqec8rsNkSVJKvodzWQWWODUosWIY=","BSTbgxW0YWCZhdGTJYeCwt9cNiU0axhpFV/ZjJ37d0s=","sez4CEJh9BsX2CTsEYHobwU3tNbumehfwN8LeZjGTqk=","Hp3+FtVbJf7CtYt+AI5jfHGPLyvXWmq6Hy3Y/inZBF4=","2QwtNQ3xHFklBWi/0hJraeBljpNpdWJt8SPHnKIVCCY=","r16YBgraHmgtiaFSj+zSquDkgZBVUOXIVgLFhl70ulo=","uyjILJGO8XDO343oa/oEG+Uu/J01sP4v2s3cEeqpBiI=","rJ0TK9i1Cec6feK4YvMshCN7hcVPnmW2q5hnQ5BFSFw=","oeQ3DvcbT+pOWOZH2Ef98VfFOH44oMRi94q3jE7KidM=","f9oyKc2YI2ePv3hdRRBJw+B0FkViNjk3BM74l+c/HW0=","tg5HsGUfYPTVLJF4JzIxM+t4+tsM2F6gt2GH+QrpQl8=","Dn7cn2BNI1xv+rCR1IJy1wWVjj6vDcWyyTFo5vxNh2o=","WxYuQbSrkpMeEhufhQb1qKK+8iqv2kl/CrgWDH3u210=","YzjJU+StcIgFeu3zsRTe/8kqkE2FU1qkPI0IZIn5Y3U=","n/N6RA/3IUJjqVFjyWbS+bJk4o4VOmPnwqqOhFglaks=","CIODYbEE5gtiyX2flo1DwPbON9hBgfIFUkAHK7VHwUE=","lYrrnj3Yqy8HiPW70PxwjffEa8UTIAFzbLqpa0LZKP4=","rH5G/O86NXjW6eyou9PVAORFdQPdtfRkiHKeUei9TXo=","vNPtIge03Kobt4O5/0Nzb0uFBF6M3/z5qaGPkXAthU4=","E92GAcFlhQzui7idfA2jpq7Ozudp1+Qq5ZosVS8SfDU=","TEnK7wwfvysBFdT9x1Zlpzzc51wwA4lRMAVupWLvgVQ=","yFo02yjKi5Tg4DoGgClD12sSEH7NKBsbpTcxgd6rr2w=","h6Ct+24OF6fD+qclNk1q28w5emIZNc6gBam3TvSD7Lo=","90hy5LvnLd/NExKN+yR3EzHOi6EszgbFyalA8WQAdO0=","dspK/Uy1IrYyAA7n4dSAjaVGu7cOiClgRfnBmf7nA5A=","ryo5CvVST82ElZNu+FhUKzkx5qFJ86VTpLgEakJGabc=","NIxRtu53iSIs8uMYghb6qf8tYW1NTLqtMgD269SbzGo=","32mnOWsq3Ea9bmMhbGZ/X00WVOSGOSm5CMRbNugPgZI=","tGvPRgjiBmLsXDNRzlO50bHnJgftopmanrs53o/KvnM=","qpaX+akemKsl2xxKQLKcT0Ro1XpM+fYiQomy7Rna1K4=","R9bjqbS1dNIq697EpD+nG3cNGaDzSlErWSc555X/5Ds=","ZvUJmzVfg/pRMp2Kn2L3imZpToCjIdAyoG6vT01KcLQ=","wr5xsOekEyTy+LWnF9AdDPJA9V25XPa0pcOjCREvlPk=","mPJ0X02arv4aUD66btRDBlIiixezUdF6kaZew9J28ug=","0f97hG2eIhFlvxn65CtvLi+lWh7HYk9uJeubu5G9vuU=","RZUJFSjLczemb88d2EuV9bP7waM56ow4iGG+LDm/Bno=","CNDD2CF8A9U3tTZKJgr8uykWHKQWaBnZtPeLrDslVdg=","XyDAEvohei9WR1YsauQyPuTCpzZjxObFOeGx+Fx1/AY=","AfFTg+6m+Xav7xouRyLhupl4GiYN3d2QeYAPiu9vo4M=","rc2bV02oz6bfFKJRF/FuKkNknKwy1sKLmctvBqPVuzY=","DvoosDnoqKqheNCMBEZQ1fOtfxqoVAyTtSKZIZlD6yA=","TJsDAKJRhxsZPl+av4GS18VzkbQnwMBLVGBWrZMeqb0=","el2cVA49xriAQ3cznlTwHK41bBk+LKNaqI11DOL1+VM=","g8AnNalpoNGb2oAYyGi0tJujC0g+zDStS7P+9ViBzEY=","IOtEHyT+8OGRu92u0f5u+4cMbjDznTM9rQ8vuMZOqzs=","sPlqwDU4Nd/Rcdhdguf7hDvt+5zXwRIbi4Mva+HaxWA=","0IUBXrrAAsDtcRPk7y+3dYarbgUtzYJtPwPFRgjwm+M=","kknURVfFExJ484Coi0tLT0c4urBqC8CdJtI9c3SBur4=","tBRdRIz9lr6T7a8rA4p8Zq8j61zED2OTkwAPijYpk5g=","Ue4ICo4WBPTyOAf+MWLaw0SS7x24Xri33IJSUC9DUj8=","yrR91D33x16czyLlD7D0Z2JPTIjePfiFPPcbwGlbwck=","dzTK4kxdBkKq5d6k5Lb1VRgqeplzSFD+Ga4sh5d4Gtw=","k06CtKvUezoplFQ5KE5o3/9WfniNNLimjVEMaqk7Jrs=","Dx4zNFDNO1tD7I9zpRkqkmjNxrwn4VjGI5dp1Mm18yc=","n6E0ivzLaBgo18EPPQoarmZVvuyHZLztaYKICCwHuyw=","u/28RjAk/OX4mtJGMxl5aSok/3W8JKE8Xp2SJD2W6hA=","hidv17hxzbQSeHT++sUXOLxZW5EQCPvnKpRwZpIzOz8=","IWhg4dfn56cWyWicMx0HDD6fxAmnHRbct62ZiaBNsPk=","zQmrYOEliTXhAJ7OGBxaanTY4Rjd2TwPQQCmqQagquA=","K1PnpFdzGR7tduW/pa557fhKUJ3YcJbgoERFjAtMyho=","V3xiPyBxQTjmxPJ+/B7zI2bq1qBFl/HAaNNdnIgoV00=","Ii3ynvBZayQTI6rwXbj4knvfFyy2B0QOWRjQ29H1eAY=","mezbNKS7/RC/ZEOEFPOvAFdVrrzGTxbz2baJQOW4gYs=","4avyomwhQnZZ+iJOcZ4awpDhOQF3PIKiqb63PrB8M1w=","/HAPvd7uz1r6JfqxeuqEp6j2oZzv+LAd8kQ1O4NZirQ=","6XF21JwaHfiZOgqrt1IQVz3lbCjBhqvrroXAdSlkX5M=","EObB8b2bSm7m+AVzWAPkfg8dal2CRi0rV2+lWi3eMn0=","/QvS2TQ1J4/PGxuK1fxHyBTvYVZENe1fPT3mc2KBUXs=","+Iy3S0uDcxVnKsXxh7ak3B3V67Q3Zz33U3N+2PZOoyE=","mDEl0E6fHApmlhjwSek86x4dRh6a0WqUX44Cf5Pf5dA=","SF8CHT4yPzl4eGkeSS8IPUKKRU4XPOHaOBSgwHQihZM=","djwmlukRzsf4pgqqHBG96rtgCqrmT6VSCGSTX6AK1j4=","103DZJuOVLRuP5BIfiX3g/JWD9gBD0rPCv9m5BXpA24=","0YFbcMIwFXe1LioPWO/wnRP0/2o43DNkqQhwu/WmfWk=","+sjJ6MbrUWMbog5ytzo+awYhhOXGl4UHZoCSkBTSCZE=","DaV1eQwbH7Gi+S63GWdIJdaiXjqRdDOvpkuXLHkJCH4=","8qjJLP5A/LBLSSkVNMyzcVJ+OdT2sMWhBNeJmILkVnw=","a2xXUAwnmyS6Sp/MtiYz7UbdxAWhv3+l+DL4OCTmQnU=","Z9HCttq6osngWE2pNlQSELUtweKBA79O0hi0+qpxQi4=","KhcioVNFLh/0wfxDNgYluaIjnUTxSDn37oAo83NupRY=","KS8SKeZpdz6UPad08TArjHB9MFBP0nsXBPV9gV/5Beg=","3oqbmAbQ66eLSYK4fcP3pPuQ+OloanjnYaVpeYe7WNI=","9BjLVv/ZsRk0QRwchEmzSWC6jae/XDnoLDHZcJOFvsI=","DUYG0m/UDW1h/XA7X8V/Cv+yliDt4ubu+H4wNMWGJ2w=","DTZJsj8W6T9eHIT5bxyr6lfA6nT8ebhA0ideTvKmH6U=","Ojgghve0JpwaJ4lq5cSA/6zzEgRxnCZJq9DClfUxpX8=","FAanurZtiwXL1WKscpN3fRXcRRxFaO0cD/MJLxI/8Ck=","s7/+CKvbh4dIvro7S6aOx1/uEyDGiIvWSxmCX/6qvCI=","gUksUdrmJ94DJqKzKz0wYBMyxyOSYsqoNZz5IH2lctU=","KBDrNDus0A7LU1VI1/VIDfoq9lYrBOQUdpZdsZ1hE/Q=","OveG1P4FPRmoCfJYjnCQEnrLhjnt7RHSDK7tE4KtkxY=","qq5OJiXsdLFFVpAEuQyX+3CzQwGjQu/7gDYSRjOu4Q0=","UAYY4lgMysrmBmZ+CLlGpshjfhcTfXWUDJySHJ/c8rU=","T/cxHBcpbEUn6Shaf0T3uO+SPWi26u0NDLAEvulm4XU=","5gt9AbNMJK+mYnBKwhlMHWvjRJffaKaMzZwzaA40uC0=","M6mhIu5V9z+o61gy5xaMDJEAabbGTkFpCKW/epw2dlY=","Qn8PXXi+0XJGvkNWWaERaHpfX57+YNTs+I4rKqxVdqc=","2jZa1B6gi53Y+YXV0DvMlDPj2TTlvrLJMtFf8Jjx1EA=","556+3F3Gs9HHYFpDpr+5pYm6u1laJRKGEOtUH20DjT4=","TkGKmBasBOCS2J+7iXwtOw3/hHYnrEzieBaOkfy45X4=","sj7ofqUfXhhD1Ou7X+M0CgIJrJ8XRYP0lzg6cdXqH2E=","uhO/6ZwKc0dwfo2cfr9FilKIDFJcVArETWlV81j9UDc=","LhnoyItb21HR8rk9rNGOjpXF2Ea49mD8xAZEOXS4gYc=","s07S9TImvO0PMl4NvGBC0DZtoO9NLHlInb1yuzD+6e0=","U6Z6D0rQ5WcRnXfhmjuX5Fqqlx6oSf6Wn78nL84fdHg=","SWh3D72VgpQtnlOW1K8XoFBsqEDglkSQs9Qr2y3UiLc=","odNwW31JOxAga1Nxaby21I1r7Tt7KRJutMPTwWk7rXo=","4afe7aMOkF74naXUAwBFP/cW+gztScuQjsRIXta9suU=","cX+wDk20UQJoWE37Iz4cU7ZFxH2nz2/d+1TTSCNB70U=","YwdLzSlW9j8XyrAeUrTf1ONACEufCA/tTqZA///Gwkk=","nL0ToZSI7fhmSCLU1qptG1uqpsmUn7Jlt5Fnb8Hegmw=","wyzI05aktcYNW0aLDBPigsoWYKwvcNM/JWoSzbCBDLE=","TTgu2B9fGtSIl4ZrR12ofmYSk8S3ikg3qriuzotwFlE=","9213VOj+lgNV7U9QaXmOBurKWtqc+pjWzmiDRyekAYw=","XU0vFdRrVxn8TYlHIYqM4wOKe4PtkNptCHU2+cVoTIc=","IblBCJu3+8bIryvlVYMc/ycfyu39m1ebROk2MpQeCHE=","xW4EaAPDGr+WoiOwktfvHQnW81nRIo9QpBF2H2Ns7dY=","To6rB4m38HWZMckjkVs2XbL9H9FXguiENW1+7qgTldk=","FZq06MNnpESkZNZNzhRGPrLY7xtWcWffrd1zRm7K8ro=","3mS1bgYvC1QUilOz2G8Qt7ncOUV3KLtUM+SsbeYRNPk=","HN9z+IB/DNIFiXQjAwT7CiKd90m/UotvLTQXoiioZ1w=","9QTi/uMzCSFxHU/rfULS2oPDmhCcmWdfyKTisYy7QbQ=","pCvyIdxa6gOb22NbSQpgZ+2Bu1ALWWpacrZyj97ma0Q=","Lltomy2gQpcjp8OZFXlaQJe6X9wSRdDwEeb8sJ+ju90=","GKTF4MNESdJrRQ2BZY8X/IoqK3+42xuvRjsahxLv4xA=","c+wLJbID4gF0NYH9agJVbUj8d2XeK/7YvKp8wBIQfxA=","41aFNPO1Cy4ykXvaLYzJlA4q6ZrR9f+Kl+HuQaJ9FiQ=","lW2oOK1GvTPOM3aqK368QhsGuQutwshOU38iEK2twxc=","7yZKsNNEXSvt3Y1At5EWQhEz7s+A5KSpdvoWX0nXTLs=","X0rYPbLy6/bl7NwBMXl5t1BgO5laVYbpeMZom3Y7UbI=","mYt42GuqdXxnAiN+T5sRo2PanhQ3gZJJ0GOpSNUycuM=","ah07ZH08h70Ykq+gp8d9Ys8I7tjuXGoYPcsxCSpDa1Y=","SfSSYRYVXGo6Rfp2I3zm7QCAvObdRYfne5h78xzvzDA=","vi4S3/LjoggN15WCg83hGN6rb3LQBXNVufJI8xO8H5E=","9WCbL/eretgGxnClyeaNrU1r96O33X7kLPg7fqP/+bI=","NroMDOV+W0bc7tUomOJEhcyymyuV7aMe/QHzc6MXwEs=","fY7NfKv+voHFq3Yd+Z3mLKuT6j1uS7VyVaYvHEwe0wE=","uaecMGvmPozbjvsLn+ck6jwZvlucnEcm+AaeBArLHDI=","mF6ul2ZKIbJBOewzehiqgXQbJ60VHzGfNiKGntk5XSs=","EByS01yr49pyduZaJCrutm3ocyZeMQJ2bZTyrCrYlos=","75kn+zUZdv4yEMqswdTS9hmxNT7eOZkpSIM2ATBbiHY=","TPS6bC4Q+4aSYEbyErac/v+Bpzq1JozpKNO0qdOPB/Q=","5gviJlGbbrgXjY/Bhqm7XemUz0Y4Iq2UYi3n+dxGgCc=","csm6LhCqqgQw61UL5XitRAARc1wH1DB1ebq5gUswgPI=","lDnwmBtlZK/wsKUnLggDgxaCnIhLqoOcVgO4oHCE4ts=","dQD8s/+zuvP7UpwSCQL/ir+ZjzVl//Kx0m+OeTAo4nI=","rjSUouEPk6IYolDRKm5iI1Iymb3mIgDPZLwSS7hNm6o=","tMxJXN100/dLogdgzE8MtnUUtN3FRhhftCnMYT9Q7ms=","Tdd8SojOOmNq5r9GPnkuVvLffch+1JOXBZNp6RSx+9s=","8gsyWeEp3+kNq3uqcXA8wVkkvLbZlNxwPeRP+NNfjwc=","PaC9W+IMvia/staKowzW2Idq/oHs3gj7Qy8V07EfwuI=","LYdltaxYZfb4vg9fZ/JQsZWtv4M2PrIrE4ZcZ5rGJOk=","GvMcNcEzf3YXJJ3jxPNYbWvDMC4KrtbrzBQu+/BZFNQ=","EkCFUEmdc7QCtFspbNrVou03Zhu38FFbvfiAGAEgNWY=","miQ3/HH5h6xA+Yttrcao50ksZhtPD8a43rHdz8HZvR4=","HNpxckQckG5aD2ANFdGdm2PGWiFhNPle8sVT9AdUtdY=","pBpLDH8ZzeGf+ZZDwJwxi98QiZ25XKlwLNw5X13bhNU=","jqRQmgcv0heX9Nxr93KJIR3lPziZLsIiahBYfpmar8M=","MlH/b1oFNwlYU9fgorrXGuExbGo9TUqbGBEGM96nQs0=","XY/wBUf0Wwz1th4Hu8r6/8hEQ0X7kjQNDVAS1J7NGhM=","ANfyZZ7pBkSMTpO8aNMXrDelIDReoiw2ttZnDAkNmzY=","nG9M42NkuHSjNhzFfLrzBRPRYJBGFpy196DRPV1Nhl8=","9Idw/4FcOcq68C2gpPqLJIoMyOJz7zk2R8FTgaYyh7U=","MqYdzQA8nfOnqdPrhKDTDYxq3SRjKf+pUxpt1eKv3mE=","lJmoryDonLUunUPyl8qVpMBh6bNsPNVOGT5X8sbFCzg=","csvSv/yuvWeXW0lAhxXm1n3hLyEJsdj080shED9OqNU=","4gW5XQB0Go1ZDWm5irCQ7wSpP8gJK1ujE/oFz95IBGA=","vod0/7H524J9KDbyDxT3OzhzGltg9bfKUVkqSaLYlVA=","7Krd/eIEmshh97wz/7FxULcojtfsJbhEVHxnKmvN9Jg=","1DnlRbHhATmHpPSsvYagWgYSDL2wJGqFdpLoXc1gNRk=","DS8+TbJirAgqfvTGnN78/vFmoda7JQ2NVm1fZ9Pce1U=","5YuVetRLIRm2YKOhe2FnmUhKfy29x9CJIbV7PGKwO6U=","UUgyZu3Eil0+2RDWtKc98ndqWgkn5Ed5d9/tO6QRS48=","yB5JnRIaJXEltVTiKx3L3s4LMRZPO4ObBhHsPXtBdEU=","7Jn8y1zr+eULoWapyjWqblwZDkl1VapPKpwwQHYcqlc=","DWzYJvmnMHfi2BWUHIkl7yN6QPER33Xtgyar4ql+2UY=","NhdUZW5+drVXA0lGspZztFn7uEOLG4lol6m2bcikPk4=","A83gip9rPqVxINUb0d1gr33voeQy3ZPvhiovnK0zhfw=","mC/LlKyHfblYndvwGuwflvqJNq+XYYcfx33+VjZgPzk=","aC5sMCqnxQXN9QKa60X3+JPuTvwu5XJNNE0QXhp3j4Y=","FCRHVAgSKTTsfuZrL/+TmUrCgJQxj+rZVZdwZbxBWDo=","8YxHjsfAfhQorkoJC/5CxNKgGWtXDpg2PxYEV+utKHM=","Sa8TtC3M3JZKZmRHHzYtH6QdGS/cBmt7s75EoU0FIe4=","npwKUYfogFMtF0MiW3Z69rjpTGJRlwLZ662S52+Gb9Y=","tkcnh/Psgn+MDO1qLjDPw/Sz/CilipsY4IpUY9Kg4xM=","WoCMXfa1l9aJqvozbU+isSwGv893pA7j8aYl4nVw3Nk=","TIB4VTGBVbfIC8DJYpkbhaV1Holzukc2PatmT9rybSs=","h+gMeC57ybmshi1t7SwYtetqOROFEAKyCdwHet/Rd8g=","xWk7TFzKlT6Rky23sqGoEPNktPvmeUDJ6evY2kfhvys=","UaUW2zRVNCGwvhl9AwaGsX5w+bE2yJbPO4ud8+VWzf8=","TZj3N0Rv5zXYqT6SVXnPWDOvMJPOdnaAIkDo2/XDY2E=","CTpeyr+Q0Sg81rR+kw+lDk7vW8Rellfzad2VX2Cc78I=","qwywW6MfG3IjDcBpQf0hSMNQMoE1BRAu0Dt3zYjy+Ik=","znU1EmjIPydpoc1l2GDJCMYoPxkp+GaJXNn9h22T7uU=","LwVrE2/7GHR5hq6r8dZwdGQBRmxXWD4jHi1QWeNRsds=","ZSl2ZYI5eZJ7X0uVACdNCz15+HEhth0Pz2fFq1zez+0=","6znaQbpZ0j0WyyMfDrXCIPt9os64MFP419EPsFhymjo=","QLLNz+gFnt0JyyEd+UHSl55hMm+5gCYvk/4atuuCgCM=","dPsa/dazvvKqlfQ+pbGQBmI8yhKmEqB4wbwGeZGPct0=","5aT8uEhzq/BpOeemqgSAIbQ/LfeSLkirhaeVc1XiS58=","vmcchpd6Rlsk+cWhWH/EWotxgKXkS9hf7iEjwp7Ptn4=","rFJ1m+M0mPe66c6GpsstHHseyaErTDc+igDyZ5GGKes=","FYUEoxP+a8EmmGg7zEqW0EBA/seMAeNL0kdLLPHPSV8=","CzRkIyff268EKmh41eHLevbyOaf0n8VSPYVmKBFQ3vM=","bhnda3wCtNqrps98di/A8yo8zLT1xoMMP3WYLV4lAlU=","+ynfOtaOSJQA6+ShWOKVx5euViV9vmKpYywfmnF0YAs=","1jSqmX+zGUDALdhEt7cKVPNfu4R2HTysb2XrBRcz8Qk=","T/XDhE92+JWVZuqdbOwPQy5CAQE2ehEH2JEnAliqLvg=","YwNqEQHrsl3cpI8IrTWu0yH3nVOY4CKU/TQUadcPiHY=","zC/At5Lc/ZYImTXDOr/GFKPNZThD5htpgk0uSBzum5A=","ZEyohXwCSVVOMYngnyHWZkzUMUplyZqlHllDZoCuyRY=","pHzggnE9111EbhIKpbIkYszAHfd93r6lxnFk/71k//Y=","As1FvLgibBAQX2gDPS2F6xd7gh33TVL8Cm5/DjLfEO8=","gdMq0mazmEyi4ML94QvyTWwNiz9+BzZvBkq5S5wm2Zo=","MjoAQ0ba3bUDBj4B3Um55bL1Pb/qeW+RQ0jJgsusM7g=","MDyx84/+HKuft1NAY6YfDiaThXC6n9mPkX8SBwuJDf4=","dPiXQdn0wTpb9lK2DAOXDsjzgDLUp5QPIazy/odiqAg=","JqTIzDdNvjNN8WdezvYVlfUcnvmBiZac9CTsO2cSMVA=","+QNidxscTTI/A8fAgB9aRVEzn/0mDZYgGqQpsVFjX5g=","r+t17dlCrh/3SJ2Mm0dlYDpLY+UsOf8GS2UbeKMjCVI=","dz8pAUu7Op3/sL0mQKx9PqDb3t7zTJ8EJB5GYVP8ZmI=","xj0xbPgQukFiC7XbMgVX4ZVlZE+vPnclR5a0SFiE5ko=","B2UvOBY5UjjPsQ1HT8S9Cn5UR1zy1LexwYo8dUDUPqw=","GUe3NsO1z/eVaEqraTdkIa5tzmKSqP/8hDZSeA+5Y3M=","hAqFBx+tRV948FkE/Hzi384kHlVFQ+vun8W94enGXOU=","Y7prMB36M94ihCqSEWor9tQx7GGmJNXBkE0W8z6/D0c=","H7jm90G5+9R7JjhgSee+E3fcEEISJPpdKrIc6sbV7vg=","zW1DljNXeW+ZTz1x9559j4IaNBOqzeod3kAECk6X5c8=","KOAAtFQ+3cCqIt1fDxAkQI0NTkldwWhoHTGXyL7qXdk=","j4ppnJMAyu0pmXdT517dSkStxP0mreaHrlLFybbmhE0=","J5aeZpJC2v6fxaBP4pDNHsLXa9WfFhRZXQvHTpbeStA=","qPVJ+31qhG1UgrU9WCrJurxqcDBRgMxUmq1hYrL6vmE=","1NTf679prTRkS2Woc9869wgeC5rGz7/daVIYw9SrTxo=","VjeREkG5Bm4MtZ5XcJ5nvodilfMPP0y4rsou2dq1iR4=","rfkuEkooY6kRbkHcSpBOs+kruydQp/f4FucNtkY6JZM=","FLpi21NHUxLoYBg+KpEcUZjXm/0Rl4mPx6xI5CdQ4iI=","ZMXzpcCs+ScyjVsy2aNQfINuRBgry2Ht4aB/cV8ewfA=","hXhsfZeRSMjjSVCvOArdCYAMSJsGXt9vSSL0x9gIx/Q=","wQ0MO8N3+5zKtlYN6nZW+M9F6sJoLDJgAYwD0rqL9/E=","byxQnuP3jeoc2HcWeAY8OGBKgPUWH6iVrfq28VbGpWI=","SKvC6oIpAYf8hrayR6kcOa9BmShmhzdWs8rcuIKh2C4=","eW80WxPClba7TOoTRM88NLZZQ/ZMBaGHTx+vGOWUbEo=","rRxwHPO7hRHi35abc3NdX3BAydYqbUZPkb/Q0KESVD8=","xo4khPxu/uQJAA5g9KHMmJWxjLdmhea0pNujAeL1mBA=","JRV5NJ6tXSNHi/kH6E9rfhuGggmjmpcxfr4VR8H0/zA=","PUOHLD7gwwz6O5bJTbmLiw9eZ3yGS2itfqted6fp2H4=","JRH7FcNx072L4oSuooPlmkFZPJSNCDbWyuEZ9fN2hgc=","SE4FirZmmpoFtLxrNMhRZEHQdmJmZGmKOWVRMqSpO3I=","r7qc/gO1OY7W7YailvgcqwzVcrqEJ70CQtMYIBvQFy0=","1U6+k1GowWYuFBFB4CBGrR7CTSZC3XaZIbE8bW2D0js=","1aEZVixJED0WoxKsuEY8s0mUsN8aiX7PG0Clq3xl1+M=","zN901PNospuAnbbL52gf1Yq7cs+DkD6Wp2lG0/3497s=","5uVfozlqxpMkqIzAXsMu4+xrhY8XWodHus04gIY43+k=","oXp+/pHP519BEe6ciN2q+G/yLtjDzsW2LHBHXYUDbKU=","jDnz7WO3bS0mys/Ob9voVQvvIAB1cZ1Y8IyJsXBr8y0=","w6izHhGDBPbklt70kEP8oPQvOOb85jc29TDXsNDJOxU=","c5ZCyK4TI3QqlMimOKF8EqrWt/zpbQL1wbtRY8WVq7M=","LTEzLgzfSBhg0nACY7mjEzqHSXE0VtqUmZ9pq8myi0k=","sbf8g1FYY4TNW70UTvbzU2ZKUs+oUeqQZJkGMUB+SDk=","h5xBQWTtTxJSaeYRk/I9xZtNOLTZ5n+BvxLADoNRsEU=","w+yDsAZmJNzuovroVaopp9/qneDlRfoHvuxwz46Gb2Y=","xOOBI0P8ePba5JQCYfiATK7hgLDnjWclhwy3dFNtfx4=","fAdZsPIngBTCz8tFyoGxTQxwqGKm0IhFK4jJ4835pGE=","yahtYjZPTzNWR820ouL1AGT/6zjo52f2EEZ1gxAPlmk=","WYDW0jyrHvb5evgHKjkjLNmBsCtB3nQ675DX4uzuCgM=","wBXG+rIqFhjiKQyLVZaObwRqTlKjhEjYFHH0uNgyl50=","a478Za50Ub5DsfsSLKWGLvcOXQwoWw0eDRzJiAHC5N4=","dJbDNwZoYNs1/Yq0QNoykck2nWt/u7/vg1rmjHlk/dI=","Ax6qqlnkhbUaZwgm5McwqDjESPbIYyYgI09hNl60SEU=","BTwLz2aOQr2gFNQaf5cCVAnS1yYi2z0jmHDszMqtZi4=","RdKoC6dbRCehsvLvrP245ATMMkEUoxofvXWzDSrrThA=","v/Yvlxv+GPu4DEpgUSQetM5aJ3/nM8ecddONqGXq2Ms=","WuZbvaYoqNIerRsvpVzHfTc5Sh4FWqNJpeNGjoTT8Eo=","ke6QgBxJ2GwINa+x02FYEHK49dMx5Bfxx4H+hS6tvdk=","sce3iYTJ9qSa8MAHol+h+98cYUp08T3dmVYtXkvVyvQ=","VXaC/iHBk4nxoq7W411lLLdApoi5ppMh6vlV87Et5YY=","I9fSSk+47H6bL8lc2roW4z20ce8mdNq4Nc3V6hxkTUM=","1dwHnBug68Pt1FaekrhMtA0SiNWEN3r+Xl+WsqIFHqA=","SrOUKuqSHvTeTQTPRaRXRavqogb/JMnOoyzZ2xGLWrk=","wnVjBROaSDvz2y19HMwfXxEsSx7b5nNhZhCskX6dlAY=","oHIF8jUWjrXH9zbzuk7szuIpmQawvUiibmDz5uMHRAs=","Fdow0yVKIZ43Z7422RWTCEK8xKC/5nfH/MkDJDGOnY8=","OKGriY3zCO3bXiy9R8ksFt/bg++Od+V7EitbFaJFoN0=","frb5NSU4l2qFigoYM4yq7EaGkngfBi/S08Hf06PqeOg=","NJ1zffJXyVJykSYH2ah27rkdUo2NKYgJJogRJdy0+bg=","OEeGZtnTvv2SWjnpG01G/hfxfutg3uDar2Frz18Dl2Y=","hp6Vy+JKyaIDif/gsncYCiqWKrhYPXPq6fDNdEw18hs=","mRxnsR0OjyDziKOKiP8m1mzU56+Ua+cLe2yU6nl3glk=","xCsqGWQQJJUp8P6RiAPFvwmKsZRuXAaNT6koH7/UzAM=","XMM2jmU+wdsAeXaMYidok24J+p/6Ft1wvB7Vb5UHnpY=","wfv4XLxCzyCzJGSoBDmQR6V/p0VXn8HgJTA6tfKyeGg=","zQtLYhmy4gYpfO8LuWgvCi7xgrCMpJa1SX6dSPEGrm0=","vuThuObrRA7LMWTxNPyDJ+s3qwmn730fQtj1iEsQuug=","sOTmPr9WYDZWbhQ9wSektGRIoecaB1/1THO5Za5yse0=","YhIpxZWFnBjef0hgb8bolgBjkTTJqZtypzFWatgvzb4=","/Zoqh0CSB8FL8GS2CfBOEEUeH3x9c6nHRCmu8dTx6T8=","yXXYQLfVhAAYzcJMHBeFYtdDMqhhW9XE3ue736jbqAo=","z8qy7+6NkFA/cU47V+SBFh3J1GOYqnvlNyfLsrfwnHM=","K6xFcCuwCadwvQFpWmgsT3Ng9c2MlIADehWkyQ8GiYQ=","W+h76Lu3wn6hgqpUhOAV2iri1t2dGKdI1+Wy/2FEMG0=","pA1h7YOaQJwanK3/YC9gJDx/d0RxldpV7ryeizq4AgE=","Y/I789CKkdx2JrfWbXhur2Z5uit9oVHC3XbJuxdC/yw="],"block_size":4096,"path":"js/remote.bundle.js"},{"block_hashes":["rHu3YBPYS1Jr64zHEXzFjD70sKfm3lkSkXLvEtEDhNg=","b4GxKBOrztRkRgYOnvlv78vIZ+348CrULEP2FUB7D5E=","aNoAmlfzEKpI8S+jia+9I2o6FZMIV3bNNXZq9LQ4VSM=","8fLP9okdCAutetKvTWB/EzMosqEH+3ZrCw28S4Ull4Q=","LwfNPhNbytcafmREKyUPdAHFRZht6hGEu05Of4YaziU=","K56CjbaJa4lYchlhMKTgKnFFRDSOG1dCWkkcU+w3kiQ=","15UuPvvkXUlwRMDkQHqUg5Ii9VMbZcZIDeMRz1ijFwQ=","8s3WKcU13irL1nMuZr3tDz/2yVRJ3mgRrGMfUIexRV8=","OyMKLMPchtgc7SYiUsFxiFbR6Fz3jwym/MjhUR5xSjs=","r9gOQWyvx/EbMkdm6NwqO/Yi/29DjTR6Yglf2BGqx48=","5E1JazvXRWZv+a+27yqOhEZvdShoyyp8OHwU4SzCNTI=","j2QiFZ9tltOX1kim/o0xBPbOzr1SMH1Rm9LHIkvF7g4=","8MPg2KWxRmL6HQy0yZnMGJ4fAlGOZO7/phdvcZmGEz4=","Vk5T42NBxXDSx3BwpZbwdG5brjLxCgs+toClx59KnXQ=","P51g5Cc8F87TG4ZZmFkXjfmdIXENzpeam97FyyL4luA=","5+riZ9dOqAEjjlEIrHxbvri6A4+6Rpkxlbff3VrEfwo=","qv/kUMYup8v7/qmRENpY5a4hQo2Tb2iRs8O14JXopdw=","vNiU/Bv0hlB5EPZAEjizhhiqQh5hNPGLddKPt99bjS4=","yZdUyO3zd+JlUMJVDXDbfe5kISQctuCPRERCjAqLdEo=","dKfDLwL9dR5Vn6Z0Ti97+hOAjUwXnRLFuzZwHEEbNrQ=","KK3AsQHpu4I603s3pnTUwJ7Zw5NYf0ia2gVg5vp3iPs=","B9UM3a1o4PFJ8qSEWfUBtWYmDNYysXvr4QX2FXL4+TA=","91Iz6bz+bRe6ysAZD+xzxygwDzhSyJnGA/GhRAJ+hrs=","9bKprMP/rDcknme4NJ0tk5eX/CDQEZvAtnvrR/cttjk=","Upts/sygeLtP1aM4n31NiBqNTBER8aEuJDiMqgQg4L8=","RVKGVC9P3HXxoE7AJvO+anwXsxbjvh4/nf8gzKr3YGA=","36dTHl3cIoD8JWvhJrcyVYC9/9VUGecVThYHmsh4+eo=","pzgIG9okPybJF8KstGnJkRiKQZwRQIa7wydd/eGpl84=","lKc1BHn5DWFUez4tJBB4DyHBKj/P/FS33RxH8eotLa8=","UbH2OIi8YgnDKRXSrrdFGXsNRdkH3jsnyA2X360RrYM=","uWKNxQ8L0GhAh7h9Nhsj4hxQwJ3QxZhKh6rOOzDJYlQ=","mKka2DxT6C52UwaLjtK0E6SFmf0ZXaf4/zhgFQ7pAys=","hNAsbuuxiV50bkNJbs6vSCnUmGwoOjqb5fLEIExXYRI=","6uw0sSrm4s4JqOd+UI9DEpqorOO4jwt347eIzm49QW8=","71dl9px39pP3wVHnroA7m1Fm+CYEC58Or94l8LUb+qQ=","sTZX4UgVimR+E62JGUr503QVHcclSmh2zOalrqZHolg=","F4saT3kFqwIPwiVMABPPkMlaHmXMyFUUieWPudphI+0=","Qf4bn2U2XMaqH6dCU+JbbI3y5CwE0jtbjAl6UEVL2sQ=","e7sbPny/VZQCcctDJ68+9WsONTuizn4W76X8krfSD+M=","hW6KYDKylttEFLXCH54IgcuwysinMCMVPu+zhKteNlI=","X9PlkGjQP8CjJvPFEvTEfzmzThAwH3uFVsbKg85wMKo=","MoeTLbdQNEw7frr0AdSDsS0lsJ6DzMzfHM6JXnCqf5A=","5/n3OkakOrelLL5QYjUc+eBI2TDIyvZlUNBGTYidpFI=","MTdw3kuE76n83l9rUi+U8URxdpPCUgrZgKU8TP2ndmk=","vRI/Zuca47q2E80dXUSZJJdiP1wOgYPu9X3JAS83Um0=","v26I4F4upj9hXn+NBTcweG2gLyoRItcn07Jl8C3+Jr8=","iFtkS3ZiVJFMDT7mlQJqtgI4tTIXygJB/kjJi6Nd3Kg=","0rfhwbyIcmLZZkky1+Budf+YUYTYuuOfgLmL+V9TAAE=","FTlL0dLbq/M9Q4F1/jJ5CnxfTMFv5mKjuFSVy0S5Irs=","nQ943U6iDyMJPm2HHVtc99GBPADURcBi3zhfu/NfWSw=","rfb/rCVOEUVgAehl6TwiW4Cc74WFXznfFUK6I84hJWA=","haTLw8aR+g56G0xw9rX/0/VhHpEvreeElSJw+6tevuQ=","tCrG9GhMQ0zCv6fdnm7yV05njNkgo7ozaOZk5lWbLyg=","miiBFvSN9xJmkBWq0uRgYzuSY76d2Jr0Zas2M0nL0aA=","LPjzjPTEbyTgKJJtA1hTza7kfC2TxaN3HfQMAhC9nWA=","bAuED1hGr1gCmmnj7eP9xuG4yiDOTwCzMM8bhX5U/R0=","yvzzUxtE4CUCzIBLliCD4Bbllwyt4Az+fhdvgFZRHRI=","AKvVg85fBHcoVqyRIlyCqc3BfnrKnG0ZeQ4DjaruBOI=","XHumEZSPVCZEjj4KGrycsyhUS5+Fz0fx+dkVlGjb+d0=","b4TaQJYBBMYEACFtiIdkQwcnSHh47GJxwt0xHzT4KP0=","rv0xJT2+1lCv/CyZXt3YqD5vn1HxEky5SDi8+NUnfEw=","cShWy2oWC7Zmm4FfqlHeHBLRGCa9zIrRVJ43+W3usUE=","mQjIbmBXVm+gM7bjwpDHAb2okN9Yoet6ftaPD5UHP+A=","aKraBPpXsmV2Uuu9Ll0yhsjmOQc3a7kN15PTfm4xWKs=","tMxM7gqOTPrrREQgF7Rf6uihJtNz86E/veoe+lfhaBo=","45HTYVmOtS/YfH7Xp83LXoWfyEUnU4Z07N811BcqFAI=","lzfSRTzClCxWTorIVZlf4D1e7X4N65MQZyNNoetxyJ8=","QCxXohTKQ6TJ6AfQKNydV7wfMxEBLLhL9ICoqYCSQ/s=","3uurerogyf8Coah4J5uyEEU0PjStatHMW+14QM3Nbe4=","A1HckZR+6mA6iuxi8FvodH/XRhWvcfhmpME/YInJDc0=","CcWl3xF22HdHT8QiRj9JDWuKB5Lct2TQAdM6WRqnWCw=","64apRYCBDr2N06Gb4kZ551BvsiZPUV25idpUBepv5Cw=","RA60Y18zEfljO3vRtPouiwUSsijoyd6F01YDTVWrgvs=","3MmF7ifs+V2NWllCsLrlGy0GyyCSz33xtm68X4mFn8A=","/pD8NgezbWOD2OuVWMFMOH8sEMWHCZwEY/KGFuVp+a8=","EVpy+elLx2QfeeO+tlEzBs5FTh1OBokkPvy/JQlhqMU=","Sd8eD2BPKU0acotaGffTIy3vcAPaz1GDOXT9Z6TsMa4=","wlQlYBtJpH+qpUJNqzh6L/NqBAqdqhReyyKgsAj55qY=","fYu+g7fKdlTuEfDL/XRBY34wElwuhkbmpOvdq4484/I=","IfdQjWaeI7nis6oOApNDNOexdP3NIQW2p0M57/u78p8=","rw8zOzzBLtTHyVrCmnCbZWF6yeP8MKYvYoRjeo0bZag=","sw5D6zhA+3Qh4Zogix2ORhvtOikU9RsyDdkAnNTCm1c=","leRMJPZVY20DZ+N/Xu8/xqLJtU6CpUO/PubKj9Zx7qw=","Bqy543gMKN3kEKBo3xUFeuo6+tMVriMHduU6Yz62YhY=","/KAfvdUf67w2GHKD4XC5DPpwMWlqxFX2M+v3eG+B+nI=","PVK7jzRm6BPGOV4dJAgMDSuEbuUSL+u4hZlCg8qcg1U=","+RgWUItUnOkUEfpFO5iDcYVD5dd/zyRGEQs/N9ACS2k=","OrjYklvQzTW7FuZwqEJ3WM9B23K+Qhj2wrJ+yLYwAc0=","tv2piuzP44jEIeY33G1sFOsICDeWO/+DAkr/FtZgd0w=","xpN2gvFSomTbzOEklbVe7km6thyADIyYy2j2gvImaN8=","GRL0v8cSAWf0QsxKpt3tiGOzigUicqfb7GoNZFgdZpg=","fyiexWmdMI4jmNiQ+Jpeca9qf3iRoFHK/AoXf5DKMv8=","DPUGMcEr7EETHtExG8C7VmJzhKLpQquElRtHB0Q9O3E=","on1EksR5aux2HwY+SLKtTjEqXXhAx/erFB7kQWZ2BaE=","+Lbs2PPi5CdL6Tipe4NPFhnHK1Ot/lNJpH5DGMMPnb4=","9AnAH2o6dNFMy2vVVTfp0gJy63CFIsr8tLEL0kKK+0Y=","ItHVBJTmwATXsMq3tAhTIBS8k++QvEEMamLTcOgALAc=","Yjf+JiaLbmHugqZ4Y9Jd83/nWoo4Hig9LAn+jY9p0NU=","hVFdEfCNoevKOCyyLFuctatFoCOguxKrdhsbZ6oqfBo=","uORYAzMsDEt0CSpSS0EzjQXtb3KRWL20e+S8ZMjJ3zU=","G3UwMU9F426s9PaV9B9vwAqPfQisOvFWtg/DLO+rxL8=","8UnfrSbypTlbNYqw657XhjBVlgFCioeaf4ZL+MllV7w=","VQX9e/g0ZDqZU1ICy0gu0MavuD5mRxG+iBaPM970JEo=","WNS76Jjm2q/cq8bAs8UWIpxUpv4ajIsOSHIszKgCWik=","++VnQzW+lUmGQzDPH9DbvvV9X7ThXCG8QLp9MBBzDBI=","9C4eBNv+Kss9gRUzAOFXJCPQA5jZ1sCXa4wnELBhCoA=","baXeFpRKrpK6EKzQd2odxkAVvoI4fynNkCAARyQ1nX8=","lEYtTW2hnKs9WOpA5V0xKXzc6NXBSnePL7uyzuIaD4E=","D4B8fwCfJH9DiNVYaamklTndN3EVD/2DG22ICEoJTS8=","k4kM2C0lvaiyy6eY8fk6Tg8PHJcxr+xHdRtnQQFx/o8=","eAGMVTfsny19XOxmZhTAe3SOSQjLJKeJzgItHsdoy6E=","3FRvPxJhhFyZv16xDSZlRqnyAljB6VMdbKAc/tJD6b0=","juP5Ot+59o8nb2wgb2SYd4WImFU5RRU/d1lmKdMfAs0=","G7q25WDskVoe14aOCvifQ83F1Fb2sNk73dEIYAULoy0=","hTURhKStQtYW6vH4GB35zhcsSFoa9NgXSAfmK5UAdyE=","170a9fgwxwoYvS3Bt11ezvx+8dLyif2UtrZc3lufGnc=","oUW8PCwt2jFw59t1SZkr0ZWUy+4jKpR6Lv6yiW8L0Ds=","wVQuhRmvGCcRtQmGDkmIU+/QkEibHCLI2kJhVsRxf3Y=","O312LJr/BhVOBjdbdasAOv4B62ZzmI6MT17nHONVtBk=","ijKA822IvPCR8rn/bsX9BvZ5zy8meXHvAF9D/PtvXF8=","KT+LXrLGxSWD0M/nTEz/7yYRUb/JPNEzlQpb3vtXOsA=","BSTbgxW0YWCZhdGTJYeCwt9cNiU0axhpFV/ZjJ37d0s=","thtoF1UjuSWepXMzCMIJCRjassA3QSVk9jaLhsXNoMQ=","Vv82JtXeKHStEpYAUKNDQmhUGJC46QoZM1uSB9pyp3s=","ZyKYjaoJO2GKkotQDy4D+vj6iQMP5UDttjdwcBh2I+s=","WAgox6CG7E11hjaFy8OWRFZYNorBkL/lHScPtuOMHr4=","T8UbE4vPF18kxB0m10sOFbHu3Eq8uoAP50NjSyT5QF0=","Dc6sGtFBFZpPFCWPT8oKOeNwXvGhJcdwfiJKP8Q6OhE=","m5sHayJri5l1y0s24ZVgdliDDnVyg1a51m8vMITatBw=","bRZQmPpUOKYzkVSiZ1P5yO+gPP5FY5S9Oggsh4qOBoU=","TUSsVvHdpW18RFfy+pubSgR8aqc0TFJtXoiTiUq/TYI=","Dn7cn2BNI1xv+rCR1IJy1wWVjj6vDcWyyTFo5vxNh2o=","hHPl48GK/GpPFwvFaKMkExrnQvLeLzNlJam3/13KdDA=","YzjJU+StcIgFeu3zsRTe/8kqkE2FU1qkPI0IZIn5Y3U=","n/N6RA/3IUJjqVFjyWbS+bJk4o4VOmPnwqqOhFglaks=","ABszNzy5Zk7L7BcjRUnXW6cqFF8FjrNGcRN9tFJDBpA=","lYrrnj3Yqy8HiPW70PxwjffEa8UTIAFzbLqpa0LZKP4=","4lqsTc5BKi8Hr/A1R9ZsRgnnDjPYg5vYJz7cIr4Daog=","0nZoHIvt2rHbl9weJhS9l4sHtpFaV5oJGD3uT7Catcg=","8YTNBB5dJoyuDEIegnmp5jfFgooru0WUGf7Fr+2L0Bg=","Gy/gHoNPZcVe1bnm5qbCIpTzw3cqyUDJY2Qs1lqotYM=","sQajM0PpLJ5u/K8WT4+e66xvano11zGuE8JJGPiAsqw=","+TXp4iYJkdX9lHCiTzTyEVpq9Vpaaj23/3GGfHAgoEc=","90hy5LvnLd/NExKN+yR3EzHOi6EszgbFyalA8WQAdO0=","dspK/Uy1IrYyAA7n4dSAjaVGu7cOiClgRfnBmf7nA5A=","V00VptfdI2zdBiSb551NgCbbs5OAnriqA1Sbdy2ZRRE=","0Z/3HEG8ivORW8ZP0lqacTuGzAmNkudoy2yqpqm6UKI=","32mnOWsq3Ea9bmMhbGZ/X00WVOSGOSm5CMRbNugPgZI=","tGvPRgjiBmLsXDNRzlO50bHnJgftopmanrs53o/KvnM=","GiNkCB1a8cy6iuKWcWxwAni24+jOJ7Vk7GeGPOMj3kk=","R9bjqbS1dNIq697EpD+nG3cNGaDzSlErWSc555X/5Ds=","ZvUJmzVfg/pRMp2Kn2L3imZpToCjIdAyoG6vT01KcLQ=","wr5xsOekEyTy+LWnF9AdDPJA9V25XPa0pcOjCREvlPk=","8NUYW7OfIXyiUkDvlcEEQvP3OOpWyqRWmjcnw3MfP08=","VaPosQzQtlT0swE2iyicCp11q436ndhbrhPf032DoMk=","lGWKr4ynwFIQOEqSrUDtUn9S7JYXmmJtqN/zYI4LdJA=","Ck/3dhcpATEw7uzS/fg7C7rDMyX9kvrXYTlEYJnPq8I=","XyDAEvohei9WR1YsauQyPuTCpzZjxObFOeGx+Fx1/AY=","AfFTg+6m+Xav7xouRyLhupl4GiYN3d2QeYAPiu9vo4M=","rc2bV02oz6bfFKJRF/FuKkNknKwy1sKLmctvBqPVuzY=","DvoosDnoqKqheNCMBEZQ1fOtfxqoVAyTtSKZIZlD6yA=","TJsDAKJRhxsZPl+av4GS18VzkbQnwMBLVGBWrZMeqb0=","el2cVA49xriAQ3cznlTwHK41bBk+LKNaqI11DOL1+VM=","3URqSokl1mG5M2ovc27LQ+Q30Dr8P4rsUCcAy5+UAz0=","IOtEHyT+8OGRu92u0f5u+4cMbjDznTM9rQ8vuMZOqzs=","sPlqwDU4Nd/Rcdhdguf7hDvt+5zXwRIbi4Mva+HaxWA=","60WW5VKQ6N0nt3QYUXNIGH/qjHSS98jg+9zzu6kVkPM=","kknURVfFExJ484Coi0tLT0c4urBqC8CdJtI9c3SBur4=","8d44PwbIrozstMwDNh4Zv5n9GSGwdJrxtmYb6Ac3Pyc=","pAYWyLnSS98zqUJNQmG+dDjHXWxfjwGanYpWU7aKgQ0=","hYwxM3LIw1dtqRYGxcNwi4LQseI1g1fe/RHDNTkAxR4=","XPuX0/gGb4y9wiKZcWKVrhKinYJqcVF24zUZIAzjrTA=","qGllKvZZU+Nczdovtdp4rlWCucEWhd6eaxt3aA7qWU0=","wyGSX+ORv3U4PzzBCiIVBUZ3Mbxc8uNP8GEeA6B2z6w=","n6E0ivzLaBgo18EPPQoarmZVvuyHZLztaYKICCwHuyw=","u/28RjAk/OX4mtJGMxl5aSok/3W8JKE8Xp2SJD2W6hA=","hidv17hxzbQSeHT++sUXOLxZW5EQCPvnKpRwZpIzOz8=","4l/SinUK45rglwwXsqO1QqvVFijxOlVwqSYPjfqdjZM=","zQmrYOEliTXhAJ7OGBxaanTY4Rjd2TwPQQCmqQagquA=","K1PnpFdzGR7tduW/pa557fhKUJ3YcJbgoERFjAtMyho=","V3xiPyBxQTjmxPJ+/B7zI2bq1qBFl/HAaNNdnIgoV00=","Ii3ynvBZayQTI6rwXbj4knvfFyy2B0QOWRjQ29H1eAY=","D1zwuZcnNdPhrgQW8zp9MKT3GteYWf0whQ6przFKkCw=","l6XUrc3SE4nlZQwBTzZVGKf/aurpwjdJFqNOJIM2NOg=","ICdHBpj1vTWDe51GUIu3hCsdv2/NPB9/RMj9Z1CfJPc=","6XF21JwaHfiZOgqrt1IQVz3lbCjBhqvrroXAdSlkX5M=","noUraiyQFqJWturHJyFsFXGHw+5koi81obn1pSeLkR4=","pLn8+qzOtTeW/Wa+cJKgRSSZx/e/kFE112l0Tc3JiE8=","X5ZAhovYgK5KfCtX02/FCpNsYHeNKgNAo/4i3JXT6Og=","mDEl0E6fHApmlhjwSek86x4dRh6a0WqUX44Cf5Pf5dA=","SF8CHT4yPzl4eGkeSS8IPUKKRU4XPOHaOBSgwHQihZM=","8zn5MS5ESc0SzRhIt7sK2FNhBz5FOUaBMlF6vt6jsjc=","KajU0LnNxcblR1gGVC4IoDhdHmFBCysgSKVu5v3geH8=","0QGmsqcxKOgB4N5oN/mFeDapb2lbScuO1g5lki9shLE=","+sjJ6MbrUWMbog5ytzo+awYhhOXGl4UHZoCSkBTSCZE=","DaV1eQwbH7Gi+S63GWdIJdaiXjqRdDOvpkuXLHkJCH4=","8qjJLP5A/LBLSSkVNMyzcVJ+OdT2sMWhBNeJmILkVnw=","a2xXUAwnmyS6Sp/MtiYz7UbdxAWhv3+l+DL4OCTmQnU=","KG5lpfFOKCY5/TYwCh0vSNgbd4q4B0iMjESRRxrd+m0=","GdKs23uVNADScwE4oHUJMvpXOnbTqk6Aw5fd/4zXZko=","FECNw60eANRMqN/z66ZsPYC+iGAqrQ7TR5CveFqtXCk=","xm3QIMeHsgtJdI5R6Gc+TXMDWNPFfeDFXJNE13cbqjc=","oVCVzrF4tHPqihPRCt/UsuWaOZrqRbyZnNaaPNjnqcw=","WuCLQk57K49tunB3zd8w3PAVkMrVYPnj4Wl+1ncmGd8=","DTZJsj8W6T9eHIT5bxyr6lfA6nT8ebhA0ideTvKmH6U=","Z4NdmeKyhMPIgml1RwC6Q+558m2vkzLobb90SN6iL4w=","FAanurZtiwXL1WKscpN3fRXcRRxFaO0cD/MJLxI/8Ck=","s7/+CKvbh4dIvro7S6aOx1/uEyDGiIvWSxmCX/6qvCI=","pIMdf7tYhHAmtp9fqFRQXH5CxbumTUc4lbDJyPfBnsI=","CzmjW5lRmLG+eRguA4Wn+GM5dMIP6RUsv7Ysc49HysI=","OveG1P4FPRmoCfJYjnCQEnrLhjnt7RHSDK7tE4KtkxY=","qq5OJiXsdLFFVpAEuQyX+3CzQwGjQu/7gDYSRjOu4Q0=","UAYY4lgMysrmBmZ+CLlGpshjfhcTfXWUDJySHJ/c8rU=","T/cxHBcpbEUn6Shaf0T3uO+SPWi26u0NDLAEvulm4XU=","5gt9AbNMJK+mYnBKwhlMHWvjRJffaKaMzZwzaA40uC0=","M6mhIu5V9z+o61gy5xaMDJEAabbGTkFpCKW/epw2dlY=","Qn8PXXi+0XJGvkNWWaERaHpfX57+YNTs+I4rKqxVdqc=","2jZa1B6gi53Y+YXV0DvMlDPj2TTlvrLJMtFf8Jjx1EA=","556+3F3Gs9HHYFpDpr+5pYm6u1laJRKGEOtUH20DjT4=","TkGKmBasBOCS2J+7iXwtOw3/hHYnrEzieBaOkfy45X4=","sj7ofqUfXhhD1Ou7X+M0CgIJrJ8XRYP0lzg6cdXqH2E=","uhO/6ZwKc0dwfo2cfr9FilKIDFJcVArETWlV81j9UDc=","LhnoyItb21HR8rk9rNGOjpXF2Ea49mD8xAZEOXS4gYc=","s07S9TImvO0PMl4NvGBC0DZtoO9NLHlInb1yuzD+6e0=","U6Z6D0rQ5WcRnXfhmjuX5Fqqlx6oSf6Wn78nL84fdHg=","SWh3D72VgpQtnlOW1K8XoFBsqEDglkSQs9Qr2y3UiLc=","odNwW31JOxAga1Nxaby21I1r7Tt7KRJutMPTwWk7rXo=","4afe7aMOkF74naXUAwBFP/cW+gztScuQjsRIXta9suU=","cX+wDk20UQJoWE37Iz4cU7ZFxH2nz2/d+1TTSCNB70U=","YwdLzSlW9j8XyrAeUrTf1ONACEufCA/tTqZA///Gwkk=","nL0ToZSI7fhmSCLU1qptG1uqpsmUn7Jlt5Fnb8Hegmw=","wyzI05aktcYNW0aLDBPigsoWYKwvcNM/JWoSzbCBDLE=","TTgu2B9fGtSIl4ZrR12ofmYSk8S3ikg3qriuzotwFlE=","9213VOj+lgNV7U9QaXmOBurKWtqc+pjWzmiDRyekAYw=","XU0vFdRrVxn8TYlHIYqM4wOKe4PtkNptCHU2+cVoTIc=","IblBCJu3+8bIryvlVYMc/ycfyu39m1ebROk2MpQeCHE=","xW4EaAPDGr+WoiOwktfvHQnW81nRIo9QpBF2H2Ns7dY=","To6rB4m38HWZMckjkVs2XbL9H9FXguiENW1+7qgTldk=","FZq06MNnpESkZNZNzhRGPrLY7xtWcWffrd1zRm7K8ro=","3mS1bgYvC1QUilOz2G8Qt7ncOUV3KLtUM+SsbeYRNPk=","HN9z+IB/DNIFiXQjAwT7CiKd90m/UotvLTQXoiioZ1w=","9QTi/uMzCSFxHU/rfULS2oPDmhCcmWdfyKTisYy7QbQ=","pCvyIdxa6gOb22NbSQpgZ+2Bu1ALWWpacrZyj97ma0Q=","Lltomy2gQpcjp8OZFXlaQJe6X9wSRdDwEeb8sJ+ju90=","GKTF4MNESdJrRQ2BZY8X/IoqK3+42xuvRjsahxLv4xA=","c+wLJbID4gF0NYH9agJVbUj8d2XeK/7YvKp8wBIQfxA=","fLW59FKelVZ3Wq0rJBop2IdpPFJROyO8T3+m4nWg+Fk=","BS9C61PZZawjphkG79FsHk/FQm/NZf4zjc3EHRL/lzw=","lpMe3c/PrSy/UdP4BiK4b+FwMbWTp2rJvwPAb667w/8=","ObdEfunaYo2dCTX5wlNY1oooCRupv/UnDUqLIerQ3OQ=","XoIPuBWdZwH1WPh+Et8ppbn8hFpXziJwgNImrAB+UIE=","ah07ZH08h70Ykq+gp8d9Ys8I7tjuXGoYPcsxCSpDa1Y=","AcbKpja2sPgYapq5VcT+wbrIelyybO1Kv+6LxAY8xas=","vi4S3/LjoggN15WCg83hGN6rb3LQBXNVufJI8xO8H5E=","B+Z3Q5hQFRn59NSasqorH5sDPxaK1r0dB+MDlKDDrGk=","mfXhlsb4/n526PZGMKLF1hphHbY26EmGHx4qkGjv5ec=","+Lcj4zL0bxdq21jm9LTLjoSvW9b5MrEsQmAJMF5iOA8=","NeXoDGYRERapUzp35GvsWurZOZSuDbrMNwXDu9Zu9HY=","jgJ15FSxqFHvgABBlqxxN119u/XgZA5VRQjDBQD+Ur4=","HPZirpm+A6om9CdS7MEuEfvSaihDiHZLa/NRDLOALGg=","B3ZXVEhaBkKtz5G0kIak3kPLpEjCgKc9pTVS1UvblDs=","ys5kaYS1t4nmulmq8f+POFnY05afci5LnYXLHT77Q10=","QomsFkZFwFcxHSAEGAAP1wTqIKN5g8mbyK9S5wQKxWQ=","TNcyf2O1V3fgV6u5W0+2uT73bs44Fmkm8YbgM4GTA6U=","lDnwmBtlZK/wsKUnLggDgxaCnIhLqoOcVgO4oHCE4ts=","JMA9ovsbGMd0/lbkd0oRKN2A+wyxf3MZNrHnEuXF2Gc=","Jqa6ZoxH4wLCpz531g0SsIujb/HQeLLZzDOVblvXiQU=","tMxJXN100/dLogdgzE8MtnUUtN3FRhhftCnMYT9Q7ms=","Tdd8SojOOmNq5r9GPnkuVvLffch+1JOXBZNp6RSx+9s=","8gsyWeEp3+kNq3uqcXA8wVkkvLbZlNxwPeRP+NNfjwc=","PaC9W+IMvia/staKowzW2Idq/oHs3gj7Qy8V07EfwuI=","LYdltaxYZfb4vg9fZ/JQsZWtv4M2PrIrE4ZcZ5rGJOk=","GvMcNcEzf3YXJJ3jxPNYbWvDMC4KrtbrzBQu+/BZFNQ=","CbtjvRIUeqlXimDDoeRpj/gsI69+eBUcGxE7OT6ukQc=","rmQ0Lqpyd/Bc1dPGpo5qRIiH3FUVDK/vd0sAf3peDhA=","HNpxckQckG5aD2ANFdGdm2PGWiFhNPle8sVT9AdUtdY=","pBpLDH8ZzeGf+ZZDwJwxi98QiZ25XKlwLNw5X13bhNU=","jqRQmgcv0heX9Nxr93KJIR3lPziZLsIiahBYfpmar8M=","MlH/b1oFNwlYU9fgorrXGuExbGo9TUqbGBEGM96nQs0=","XY/wBUf0Wwz1th4Hu8r6/8hEQ0X7kjQNDVAS1J7NGhM=","ANfyZZ7pBkSMTpO8aNMXrDelIDReoiw2ttZnDAkNmzY=","K/2PClXlDdiJk2Lr6uUUCEhfXZnTg5pGXJRTNMsyy30=","9Idw/4FcOcq68C2gpPqLJIoMyOJz7zk2R8FTgaYyh7U=","rod5mZQt0oVCzNkWJ+5co295kzHnMRG5z2SnXjePQTs=","lJmoryDonLUunUPyl8qVpMBh6bNsPNVOGT5X8sbFCzg=","csvSv/yuvWeXW0lAhxXm1n3hLyEJsdj080shED9OqNU=","4gW5XQB0Go1ZDWm5irCQ7wSpP8gJK1ujE/oFz95IBGA=","lfjaVXUYhTFaMpiUFhC3DE6Or66ls7+Ekc6TeSs44FE=","KVukRxuSbZHUFLSe95vLGwEZxhFg56JyzkyABXh0coQ=","1DnlRbHhATmHpPSsvYagWgYSDL2wJGqFdpLoXc1gNRk=","DS8+TbJirAgqfvTGnN78/vFmoda7JQ2NVm1fZ9Pce1U=","5YuVetRLIRm2YKOhe2FnmUhKfy29x9CJIbV7PGKwO6U=","UUgyZu3Eil0+2RDWtKc98ndqWgkn5Ed5d9/tO6QRS48=","X+SIX1bucmDRH+hES9uKlPreDL2oF4nKbD5+5vxiDHg=","dZgm9+4ZFVDso18HbM1COa3y7oKjK4eN0Dxo06TCp20=","9qCOlCGYycrFVvY+ufezN6GMZvHpFgLGF2ClnnWdUI8=","NhdUZW5+drVXA0lGspZztFn7uEOLG4lol6m2bcikPk4=","HCufubZZeeXOFoCUGq9UZzU9UH3AYZECw6LX2gPMHFM=","tIPD5vao3G2iECHwF4W3Rc6jqc67TMIQp9ll7gxSifI=","XOKyu6/lnhalMs/SeJiGNiC4exqhedPvJKt9jT8huhs=","FCRHVAgSKTTsfuZrL/+TmUrCgJQxj+rZVZdwZbxBWDo=","kWoaZN7WXsjN2Lx9951ILBpI1prGd8zU83bw2R1pHv4=","GCN8XXHs0kZBtS8gFI454TLsloyZjLLj+wKUsW+xTCg=","npwKUYfogFMtF0MiW3Z69rjpTGJRlwLZ662S52+Gb9Y=","tkcnh/Psgn+MDO1qLjDPw/Sz/CilipsY4IpUY9Kg4xM=","2pZVUgXfWk9TgD6NI1qJWT1U7aH+8Nt9a47gwzK3naA=","TIB4VTGBVbfIC8DJYpkbhaV1Holzukc2PatmT9rybSs=","YdIUe5SKuEp/RYduBxROWKBkN4TC6iEM4bkITDycDYY=","xWk7TFzKlT6Rky23sqGoEPNktPvmeUDJ6evY2kfhvys=","T0WCWBT8bkB046gXmI48xiOKADBuUqoADGoEBlDR1Fc=","TZj3N0Rv5zXYqT6SVXnPWDOvMJPOdnaAIkDo2/XDY2E=","CTpeyr+Q0Sg81rR+kw+lDk7vW8Rellfzad2VX2Cc78I=","SMtYKnh4Mbzqk5Ccl5vpJkHGo6RoQ1jzUxmE0oLpcx0=","bir5SsQy8xJHvcgYN/XkM6LHQQ+2IkgoTnF1AnFyMSI=","hWQYbA7s6dHUQdm/gB0B9ZV4AtoVNewZ9EMxNI1uTso=","ZSl2ZYI5eZJ7X0uVACdNCz15+HEhth0Pz2fFq1zez+0=","6znaQbpZ0j0WyyMfDrXCIPt9os64MFP419EPsFhymjo=","QLLNz+gFnt0JyyEd+UHSl55hMm+5gCYvk/4atuuCgCM=","LWWuUMX0j1asaLFNWLrV1f8jZrEEkRvlwc7Stz3b10I=","5aT8uEhzq/BpOeemqgSAIbQ/LfeSLkirhaeVc1XiS58=","Erkvl71bTj7vLoqskJbHuMWFnGg57VhxuQEm9CRxBMQ=","rFJ1m+M0mPe66c6GpsstHHseyaErTDc+igDyZ5GGKes=","2PwLV2vNj7YbQ4hvWuxv8QLvOO/DUQZYsWU8yHHKNXI=","F11Co7104XWlArFrFYuBCvcbGEiGdSuQr4h/f3zELac=","K551osHRO6kHU9Jmk9sx/zU+Cf1ul6ojlOXEdb3ebKg=","Tfb/i1cH5dKxhjZGKnO2SmJsYm0ASJX+cJvIopN+EQw=","1jSqmX+zGUDALdhEt7cKVPNfu4R2HTysb2XrBRcz8Qk=","pVG1avXRii0w4boSs5hRJSu0/dBNEr6F8gkHY68OgPg=","SF5OxD4QLTXWPq30rhWNE5xsgL79lzUaycK+lLly3bQ=","zC/At5Lc/ZYImTXDOr/GFKPNZThD5htpgk0uSBzum5A=","ZEyohXwCSVVOMYngnyHWZkzUMUplyZqlHllDZoCuyRY=","76d+izZQmaCD0mXKoRFLs/KlnkeiM9fXL3OMkm40WJg=","z1vYSusfq2orS/qy0aoUMoJov8z4tcstlBMmlDRr4E0=","gdMq0mazmEyi4ML94QvyTWwNiz9+BzZvBkq5S5wm2Zo=","MjoAQ0ba3bUDBj4B3Um55bL1Pb/qeW+RQ0jJgsusM7g=","R9ZxlsvyQUjACpjSuvc7OzgbNwg6WmBuhEisgcmSxdA=","dPiXQdn0wTpb9lK2DAOXDsjzgDLUp5QPIazy/odiqAg=","+KwNCipqTt1xLwGFWUSsKoXcogk1anY1PpynBzshQ6c=","i8I1+ArbMIIWTlBx/r0wvVzeBpd17zhJpI1jXl4BdWk=","veJjzoEx2w09f6C8lig0EF1orhaWq8B0dyaQv1hWYGI=","GQlAV0HzUUA4axdUngU4wsT4HKI77xBrl0sbRVXFeu8=","We9MQvT1ldN6nsFOqbtFA43OSeI3ft/wsy/7BFgD7vU=","y51VF2T79nopLW64s11qeOJ0+uz6E6kE7W3HvwFz5Cs=","ZbshyUdvuI2tAt0tocJvi/y/qrViPO/w5kJtssZkZUQ=","D5a69a79vSN53ihb+4GvGZGcAxK7Mo8UJsjyFLeTDpo=","Y7prMB36M94ihCqSEWor9tQx7GGmJNXBkE0W8z6/D0c=","H7jm90G5+9R7JjhgSee+E3fcEEISJPpdKrIc6sbV7vg=","C4DJAC/2+Qx4E+6NG3bQ2U7dZbteU5EASgq3uqOU1FQ=","J62unLPmSJ9vdqqUkHVMIQ3Ezab6bFz3Vr2dFZ1vM1A=","NbuTH4BAL/nK3LVSRywqkUpFmh1Yrd4eXT/Mt6FpaK0=","J5aeZpJC2v6fxaBP4pDNHsLXa9WfFhRZXQvHTpbeStA=","beYZWXMApSmZru29S8/ntO1KZ3E6eAqWxOP/RQcHvEc=","GLa07jrMIgNP8eKL9njDfnVPDBZiib6UGGl9UKfSiRY=","fADJkWVLCzXE04ZeymtLmP/0wT5IpiItHjgY9ypPDWk=","wS80IjYW8/IA5L8EvUmJhCOGw5SCa7IuCz7gjeg+Zg4=","3nU0KXYGsq1B1+ClJqFBxpYje4iLJzVhsYuLDnBZDmw=","ZMXzpcCs+ScyjVsy2aNQfINuRBgry2Ht4aB/cV8ewfA=","hXhsfZeRSMjjSVCvOArdCYAMSJsGXt9vSSL0x9gIx/Q=","wQ0MO8N3+5zKtlYN6nZW+M9F6sJoLDJgAYwD0rqL9/E=","Jiv7sMFJTujM6HFh7d/eO+Wwo1n/2mpDfSi3Z2/qNdA=","SKvC6oIpAYf8hrayR6kcOa9BmShmhzdWs8rcuIKh2C4=","EnqzY4zwxjEcidWU/uBt6/9gTuloaxLP3//cSNdkrgg=","rRxwHPO7hRHi35abc3NdX3BAydYqbUZPkb/Q0KESVD8=","xo4khPxu/uQJAA5g9KHMmJWxjLdmhea0pNujAeL1mBA=","JRV5NJ6tXSNHi/kH6E9rfhuGggmjmpcxfr4VR8H0/zA=","PUOHLD7gwwz6O5bJTbmLiw9eZ3yGS2itfqted6fp2H4=","JRH7FcNx072L4oSuooPlmkFZPJSNCDbWyuEZ9fN2hgc=","SE4FirZmmpoFtLxrNMhRZEHQdmJmZGmKOWVRMqSpO3I=","r7qc/gO1OY7W7YailvgcqwzVcrqEJ70CQtMYIBvQFy0=","1U6+k1GowWYuFBFB4CBGrR7CTSZC3XaZIbE8bW2D0js=","1aEZVixJED0WoxKsuEY8s0mUsN8aiX7PG0Clq3xl1+M=","8sfF1VTLopA7t6B79WVuoLxW4zaxkI/4xL3Ay/el2m4=","U4ei2WcqwTGbhgWiU0vnwy5Lw5qasJVWDPHIk3u5qf4=","J8hx1J5S/pHZVilRH0/GOqly5WV/YpI1fvqbA107Lqg=","OfJdgm5aDvtDYdCn9kD/1jh9S35sKxIEdU/kJdqhhBI=","msOZT/2kFHWHse7AD4Q+Y+7urDjwmxWtbdn2r57IG0w=","ZHvQNeBPzRHoxeaON372Xf+ZRXk83QbouqA229v/8bc=","DohbaLeI6BfezJmEh/s77y6F8USECoT8wZmOoH/Hf4g=","FOlqPYVfNfUOalsBYtPPObEU0G7XEdnYYMajPHBwIWQ=","t4NXpShxtKQznxDvU84LlBYP0IGgl+jcnTlg2Nnr+EM=","JrJtN+V9rOtUKhkDnHvh+dPbiQ3YTPx5gWMfKN5wtAM=","VqiFyuBBefOySfymSSBoeYzygHGuyZKFGTn+t9hU+Lo=","8M+XpZz5fADIdmvlnUAL0hGUxVBcAz4r5G6P67qBZJQ=","LlePXSp8IM3BpE9NEMQ7kZRqHRmC6Li6H+m6gTAmZY4=","bPZOrR7llEMowDeTFyTOJp1WPnbTMDJp4Q65OuHMXNo=","mSqBmPxksSjTcDo7u6KbNfAbdfmM8OygV+j03KSSi2U=","ptLetlxuhWs1GFgif5EL5G0AZOm5bCB9I4kua7KOr+Q=","ck9Hf0vnVrA9Ofqzktpit6H7NmC4brQBq+96f5MsiMk=","w14ys5pUBWdJ8/xsHpxu1J84o9wf3OY08AW9y0++oSo=","G/IthRdoHPoEjnL7qa+CXlh0MJ/zNRArkjvPQNLMr+g=","bIWAWqJYfDtuUFujkEgotqBia6QncVKdLJh7Rk31dno=","0Zsi88fb1YxSYB7x5je+H82ypdz86S3kLJIuQQi//98=","JhqFHEs6pQnP71Blf5cX+i+IaI5j2k1SWzS+GftZnZo=","ke6QgBxJ2GwINa+x02FYEHK49dMx5Bfxx4H+hS6tvdk=","sce3iYTJ9qSa8MAHol+h+98cYUp08T3dmVYtXkvVyvQ=","VXaC/iHBk4nxoq7W411lLLdApoi5ppMh6vlV87Et5YY=","I9fSSk+47H6bL8lc2roW4z20ce8mdNq4Nc3V6hxkTUM=","4RtzEFv3mQgpIRg6KHqgmeubNXdvEdQHlUyiKqVS50s=","gZFcae+tqJNAQTmxc2Efr63TUwrjvkny5mzvrZOLw5Y=","/bWZhejYcuQAPNZuf+E1W/fKvSISp8CwD/AW86IA69c=","0/WR83WcwzfT1OaTAdRR/R6BegPzvZts1zrHOOZRSbU=","M9GZmdMEZIYhOfhowIu6APDrk/JT0pkXcmWB4IEMwZs=","qFUDOlEGDanpixaXwxbD8iKuUVhPQhFelVlLNiaZ/mA=","eE3mmSzQZ/W/xMTedqKUNJ1ENCV18kPDC15F4z+alLA=","uIrxtA3sij6OpBxHC54R8jAL/m9n6usOaj2UvcW/AwU=","OEeGZtnTvv2SWjnpG01G/hfxfutg3uDar2Frz18Dl2Y=","HJlgUkELDu6k/iL1st3Jp1NMvj+1RBFJr+nZGE41uvE=","TZFSVufXTWElFqMtJMwwJdEdXcnDSf0qZuVD8Rs0HKc=","xCsqGWQQJJUp8P6RiAPFvwmKsZRuXAaNT6koH7/UzAM=","XMM2jmU+wdsAeXaMYidok24J+p/6Ft1wvB7Vb5UHnpY=","wfv4XLxCzyCzJGSoBDmQR6V/p0VXn8HgJTA6tfKyeGg=","zQtLYhmy4gYpfO8LuWgvCi7xgrCMpJa1SX6dSPEGrm0=","Rbpp4CQjuaEhg1OiLc9jvVHnJnRc43t1PdDqhtNHVJ8=","MBWsG+aYqJZlrF5pXHDHgK08GFF3lRwTF0ZAGhuK7sk=","KlBbmUmeldo57LWdefhzuE3ojrMwEBR98Ao/Phjnn1s=","u8jiNfct1FGGowONLe+jqLOwucF8zs5ly+uboS4C+UI=","JZe9uANSfpJpBpxUN3gUnVgk9UnUMjD1/7vRQP/gdiM=","iDA/jcGbJPR/6V6FeK//KZFWh/iPOAZUXnELBmIgUQ8="],"block_size":4096,"path":"js/window.bundle.js"},{"block_hashes":["rRabHEoS66V0zQ2KJ9sjCceVx2ZLXkYy+w56YfPmB28="],"block_size":4096,"path":"options.html"},{"block_hashes":["cNw2qSpBUrfakACVv079P2okOY/T8DrgRhS6IJfTjnY="],"block_size":4096,"path":"remote.html"},{"block_hashes":["vBF6WrFVjnBjBvxdJBFxXFxv1XAnzMcawx03eqgzCSM="],"block_size":4096,"path":"window.html"}],"version":2}